13690,top story pakistan quake survivors face long wait for aid awaran pakistan tens of httpAddress httpAddress #pakistan #news,Donation and volunteering
13699,azerbaijani ministry of emergency situations offered to #pakistan to hold rescue operations in the quake hit regions httpAddress,Donation and volunteering
13708,rt usrId news this is the time of the need we must help the affected people of #balochistan usrId #mqm #pakistan httpAddress,Donation and volunteering
13709,rt usrId she is waiting for your help #awaran girl child #balochistanearthquake httpAddress,Donation and volunteering
13727,watching pakistan #earthquake news ! shocked D httpAddress still waiting f any helps D save life ! waheguru !,Donation and volunteering
13731,rt usrId don t forget your #awaran #mashkay brothers amp ; sisters you can donate blood for quake victims call DD #balochi,Donation and volunteering
13740,rt usrId please help awaran and kech earthquake httpAddress #balochistan httpAddress usrId usrId usrId usrId,Donation and volunteering
13745,rt usrId pakistanis struggle for food shelter after quake httpAddress #pakistan,Donation and volunteering
13757,news #kkf have dispatched three trucks loaded with relief goods for #baluchistan #earthquake victims #reliefbykkf httpAddress,Donation and volunteering
13763,rt usrId tent villages have been set up in in muzaffargar #pakistan to help families affected by httpAddress httpAddress,Donation and volunteering
13765,#earthquake packed food httpAddress grains bottled water meds httpAddress can be deposited at cod dha or any nearby rangers httpAddress #karachi,Donation and volunteering
13773,rt usrId oxfam due to start aid distribution today to those affected by #pakistan earthquake httpAddress,Donation and volunteering
13775,#pakarmy soldiers distributing relief goods among #earthquake victims #bravo #salute2pakarmy !! httpAddress,Donation and volunteering
13779,rt usrId salute to #pakistani httpAddress flown to #balochistan to help our people after httpAddress,Donation and volunteering
13797,rt usrId relief goods to balochistan earthquake httpAddress #mqm #kkf #balochistan #earthquake httpAddress,Donation and volunteering
13798,rt usrId #kkf have dispatched three trucks loaded with relief goods for #baluchistan #earthquake victims #reliefbykkf httpAddress,Donation and volunteering
13809,#kkf relief activities for #balochistan earthquake victims #reliefbykkf #mqm httpAddress,Donation and volunteering
13820,rt usrId pakistan army providing mres meal ready to eat packs to #earthquake victims in kheich turbat httpAddress httpAddress,Donation and volunteering
13825,rt usrId at 1 13 15 christian aid speaks about the difficulties in delivering aid following the #pakistan quake httpAddress,Donation and volunteering
13830,relief workers security officials attacked with #guns #rockets while trying to reach #pakistan #earthquake victims httpAddress,Donation and volunteering
13833,rt usrId #earthquake appreciate the spirit of this young donor f 9 park collection point httpAddress httpAddress,Donation and volunteering
13838,#pakistan #news quake relief fund pm urges nation to donate generously httpAddress,Donation and volunteering
13839,rt usrId #pakistan rejected the requests of international ngos to enter in #balochistan for rescue and relief httpAddress #earthquake,Donation and volunteering
13840,rt usrId pic 18 #kkf send relief goods for #balochistan earthquake victims #reliefbykkf #mqm #pakistan httpAddress,Donation and volunteering
13843,rt usrId its the duty of pak httpAddress amp ; civilian admin not only to provide rescue amp ; relief but also to keep #earthquake area httpAddress,Donation and volunteering
13844,humanitarian appeal disaster death amp ; debris lingering survivors of balochistan #earthquake httpAddress,Donation and volunteering
13848,#islamabad s persistent close door policy disallowing int l aid agencies to rescue relief amp ; rehabilitate #earthquake victims httpAddress,Donation and volunteering
13853,no blankets no tents no food usrId on usrId #pakistan httpAddress httpAddress httpAddress,Donation and volunteering
13859,#kpkupdates on cm s directions 13 trucks of emergency response items D balochistan #earthquake victims sent httpAddress httpAddress,Donation and volunteering
13865,#balochistanearthquake victims need your support #balochistan httpAddress,Donation and volunteering
13869,rt usrId pic2 #kkf send relief goods for #balochistan earthquake victims #reliefbykkf #mqm httpAddress,Donation and volunteering
13874,world bank group in #pakistan is conducting framework httpAddress help provide input on key development httpAddress #speakforpakistan ! httpAddress,Donation and volunteering
13880,rt usrId raising funds for #earthquake affectees ! performing at karachi usrId sunday httpAddress DD for tickets httpAddress,Donation and volunteering
13884,help d affectees of #balochistan earthquake by providing thm aid in shape of food items other nessesities provide things ner army httpAddress,Donation and volunteering
13885,rt usrId #pakistanarmy kicks off rescue operations in #earthquake hit areas of httpAddress httpAddress,Donation and volunteering
13887,rt usrId cm #balochistan has requested separatists to cooperate else earthquake victims will die from hunger httpAddress,Donation and volunteering
13891,rt usrId DD mre meal ready to eat packs DD httpAddress have been distributed among the #earthquake victims in httpAddress,Donation and volunteering
13897,teams are ready to provide medical aid in #arawan #balochistan following #earthquakes once we are granted safe passage,Donation and volunteering
13899,rt usrId pic 20 #kkf send relief goods for #balochistan earthquake victims #reliefbykkf #mqm #pakistan httpAddress,Donation and volunteering
13901,rt usrId upon da directives of altafhussain kkf in action D help da needy ppl of #balochistan #earthquake #pakistan httpAddress,Donation and volunteering
13903,rt usrId join hands with pak army to help our brothers amp ; sisters in #balochistan by providing them httpAddress to any army center or c,Donation and volunteering
13906,pls start donating to drives collecting for #balochistan earthquake victims ! get in touch if you d like to know ppl who are collecting,Donation and volunteering
13915,was watching the news coverage of #earthquake in #balochistan on #expressnews the relief teams are doing great awesome job thre #respect,Donation and volunteering
13919,#khalifa orders aid to #pakistan quake victims httpAddress httpAddress #uae,Donation and volunteering
13921,rt usrId usrId rescue and relief efforts by pakistan army continue in earthquake affected areas of #balochistan httpAddress,Donation and volunteering
13933,#pakarmy providing relief to #earthquake httpAddress #pakistanarmyzindabad ! lt ;3 httpAddress,Donation and volunteering
13936,pic11 #kkf send relief goods for #balochistan earthquake victims #reliefbykkf #mqm httpAddress,Donation and volunteering
13941,rt usrId httpAddress usrId quake survivors desperate for food and water kamal hyder reports httpAddress #pakistan #b,Donation and volunteering
13942,rt usrId rt usrId #reliefpk china #offer humanitarian aid to #pakistan red crescent httpAddress #hmrd,Donation and volunteering
13953,rt usrId #reliefbykkf send relief goods for #balochistan earthquake usrId usrId usrId usrId httpAddress,Donation and volunteering
13959,rt usrId help the earthquake httpAddress in the poverty calamity ridden #balochistan where around DD lives are httpAddress http,Donation and volunteering
13977,usrId its time to help the people of 7.8 magnitude #earthquake in #awaran in #balochistan #pakistan,Donation and volunteering
13978,#balochistan #earthquake pls use hashtag #reliefpk for sharing relief info #pakistan pl share response and mobilized httpAddress v usrId,Donation and volunteering
13984,rt usrId jawad ahmed khan president puan #balochistan is httpAddress httpAddress httpAddress httpAddress donate ! #earthquake #,Donation and volunteering
13996,rt usrId pic 5 #kkf send relief goods for #balochistan earthquake victims #reliefbykkf #mqm #pakistan httpAddress,Donation and volunteering
13998,httpAddress ur rehman president akf reached awaraan city with rescue team the most quake affected area amp ; moving more deep in httpAddress,Donation and volunteering
14000,rt usrId pic 4 #kkf send relief goods for #balochistan earthquake victims #reliefbykkf #mqm #pakistan httpAddress,Donation and volunteering
14005,rt usrId #pakistan #redcrescent deploy D emergency response teams to #balochistan #earthquake epicentre httpAddress usrId,Donation and volunteering
14007,earthquake in #pakistan but why is there no aid ? remember how much aid was given to haiti ? #inequality #unfair #discrimination,Donation and volunteering
14036,water purify tabs mosquito nets anti malarial meds water filters soaps hygiene kits torches reqd #balochistan #earthquake v usrId,Donation and volunteering
14040,usrId usrId #balochistan still waiting for aid !! #balochistanearthquake httpAddress,Donation and volunteering
14042,earthquake tragedy blf chief says international private help welcome httpAddress #balochistan crisis,Donation and volunteering
14046,in order to help #earthquake affected people please do contact at 11 157 157 ndma ndma chairman maj gen syed httpAddress,Donation and volunteering
14047,rt usrId pic 1 #mqm #kkf distribute relief goods in #balochistan #earthquake victims #pakistan httpAddress,Donation and volunteering
14048,#msf ready to respond to medical humanitarian needs following arawan #earthquake once weve been granted safe passage to the area #pakistan,Donation and volunteering
14052,#earthquake relief fund #nawazsharif urges nation to donate httpAddress #balochistan #pakistan,Donation and volunteering
14055,#pakarmy contingent leaves malir cantt for quake hit #awaran a pakistan army convoy comprising of a field hospital male and female doctors,Donation and volunteering
14066,donate for #earthquake effected brothers and sisters of httpAddress #judreleif httpAddress,Donation and volunteering
14067,rt usrId the #aids pandemic was killing 5 00 zimbabweans a week httpAddress #zimbabwe #indonesia #pakistan #lahore #israel,Donation and volunteering
14068,rt usrId 43s no aid for the earthquake victims in mashkay the pplof gorkahi and gajjar still wait for httpAddress #balochistan,Donation and volunteering
14074,rt usrId from usrId #pakistan earthquake victims desperate for help httpAddress,Donation and volunteering
14075,plz help much as you can for earthquake victims #balochistan #donation,Donation and volunteering
14077,rt usrId children of #balochistan #earthquake hit areas need your httpAddress usrId usrId usrId usrId usrId usrId usrId httpAddress,Donation and volunteering
14081,pic 15 #kkf send relief goods for #balochistan earthquake victims #reliefbykkf #mqm #pakistan httpAddress,Donation and volunteering
14110,rt usrId #balochistan usrId video tens of thousands of survivors of pakistans earthquake wait for help in soaring temperatures ht,Donation and volunteering
14114,rt usrId #pakistani army denies aid to #balochistan earth quake victims to hide abuse httpAddress httpAddress,Donation and volunteering
14115,rt usrId #earthquake many contacting to send relief items to affected httpAddress points made in kci lhr httpAddress httpAddress r,Donation and volunteering
14132,#aid is reaching #earthquake affected communities in #balochistan in #pakistan from karachi according to dawn news httpAddress,Donation and volunteering
14133,rt usrId our rescue teams are already present in awaran khuzdaar rescuing saving lives exact damages are being assessed #earthqu,Donation and volunteering
14137,rt usrId blood donation urgently required at the lady reading hospital for the #peshawar blast victims #pakistan,Donation and volunteering
14140,rt usrId #mqm quaid altaf hussain appeals to philanthropists for generous donations #reliefbykkf #pakistan httpAddress,Donation and volunteering
14159,video #mqm quaid altaf hussain appeals to philanthropists for generous donations #reliefbykkf #pakistan httpAddress,Donation and volunteering
14162,rt usrId we have staff and supplies ready to respond to needs in #arawan area once we have been granted safe passage #pakistan #eart,Donation and volunteering
14163,rt usrId usrId #mqm #reliefbykkf for #balochistan #earthquake victims httpAddress,Donation and volunteering
14165,if bloch muti billionaire feudal donate 2gether no need of govt national or inter aid but who cares ! httpAddress,Donation and volunteering
14169,rt usrId #mqm sends relief goods worth millions of rupees to quake affected people of #balochistan #kkf #pakistan httpAddress,Donation and volunteering
14170,despite security concerns rescue amp ; relief operation continue in d #earthquake affected areas of mashkay awaran amp ; khuzdar by #pakistan army,Donation and volunteering
14185,rt usrId nestle has provided DD tons of water bottles in awaran while DD tons of nonfood items dispatched by prcs #earthquake htt,Donation and volunteering
14186,rt usrId pic14 #kkf send relief goods for #balochistan earthquake victims #reliefbykkf #mqm httpAddress,Donation and volunteering
14187,un ready to help with relief in #balochistan quake affected areas but pk authorities refused httpAddress httpAddress,Donation and volunteering
14195,rt usrId #reliefpk china #offer humanitarian aid to #pakistan red crescent httpAddress #hmrd,Donation and volunteering
14200,#earthquake #balochistan due to the nature of the injuries #orthopaedic #surgeons and #tetanus immune globulin are required in the area,Donation and volunteering
14205,rt usrId bamboos for tents under acquisition httpAddress #judreleif #earthquake #awaran usrId httpAddress,Donation and volunteering
14206,rt usrId relief work s unseen by #pmln #ngos amp ; international communities indeed all people should help httpAddress #earthquake #p,Donation and volunteering
14207,homeless #baloch pakistan #earthquake survivors await help httpAddress via usrId,Donation and volunteering
14216,pti sends DD trucks of supplies to balauchistan for our #earthquake affected people usrId,Donation and volunteering
14219,rt usrId #donations please rt usrId humanitarian appeal disaster death amp ; debris balochistan #earthquake httpAddress,Donation and volunteering
14222,usrId #dgkhan students collecting donations D #balochistan #quakeaffectedpeople near #pressclub removed by police amp ; agencies usrId,Donation and volunteering
14225,malik riaz offers to reconstruct homes destroyed in earthquake httpAddress #pakistan,Donation and volunteering
14248,salute #pakarmy D deir such devotion always cums on front D help der country men httpAddress relief goods canb depositd at httpAddress #karachi,Donation and volunteering
14250,rt usrId pic2 #kkf send relief goods for #balochistan earthquake victims #reliefbykkf #mqm httpAddress,Donation and volunteering
14258,rt usrId food being served at #awaran for #earthquake affected people by usrId httpAddress,Donation and volunteering
14259,#pakvotes measures being taken to help quake victims in balochistan associated press of pakistan .. httpAddress #pakistan,Donation and volunteering
14266,rt usrId #parents its rally time ! help #savejapan and all devastated by #earthquake and #tsunami httpAddress #prayfor,Donation and volunteering
14269,rt usrId usrId usrId usrId #earthquake affected people of #awaran httpAddress need your httpAddress httpAddress,Donation and volunteering
14271,rt usrId anyone who prevents the #pakistan army or any state entity from providing earthquake relief is doing a disservice to #baloch,Donation and volunteering
14273,rt usrId #balochistan is looking for httpAddress #awaran #pakistan #earthquake,Donation and volunteering
14285,rt usrId video #mqm sends relief goods worth millions of rupees to quake affected people of #balochistan #mqm #pakistan httpAddress,Donation and volunteering
14293,kkf sent relief goods for #balochistan earthquake victims #reliefbykkf #mqm usrId httpAddress,Donation and volunteering
14302,rt usrId news #kkf have dispatched three trucks loaded with relief goods for #baluchistan #earthquake victims #reliefbykkf httpAddress,Donation and volunteering
14305,donations for #balochistan earthquake affectees httpAddress,Donation and volunteering
14307,rt usrId victims of #balochistan #earthquake still waiting for aid amp ; httpAddress usrId usrId usrId usrId usrId usrId httpAddress,Donation and volunteering
14314,rt usrId mt usrId christian aid is sending 30 00 to our partner #muslimhandsuk to help survivors of recent earthquake in,Donation and volunteering
14317,rt usrId #dbenews #pakistan #struggles to #help #quakevictims ; DD #dead #dalbadi #asia #earthquake #victims httpAddress,Donation and volunteering
14320,rt usrId people of #balochistan need your httpAddress #awaran #earthquake httpAddress,Donation and volunteering
14325,from usrId #pakistan earthquake victims desperate for help httpAddress,Donation and volunteering
14326,rt usrId #balochistan earthquake rescue operation baloch welfare committe bwc appeal httpAddress #balochistanearthq,Donation and volunteering
14332,#cm #balochistan appeals to help quake affected people #earthquake #pakistan #dunyatv,Donation and volunteering
14352,rt usrId alhamdulillah great response from citizens of faisalabad for the donations for #earthquake effected region of #awaran ht,Donation and volunteering
14358,rt usrId #pakistan latest tents sent to #balochistan after huge #quake tuesday but still desperate need for doctors amp ; medicin,Donation and volunteering
14362,rt usrId #earthquake update heli evacuation of httpAddress DD helicopters employed today httpAddress rt asimbajwaispr,Donation and volunteering
14364,rt usrId earthquake the pm amp ; president need to immediately announce an earthquake fund for httpAddress all parties should contri,Donation and volunteering
14366,rt usrId pic 7 #kkf send relief goods for #balochistan earthquake victims #reliefbykkf #mqm #pakistan httpAddress,Donation and volunteering
14377,rt usrId pic 3 #kkf send relief goods for #balochistan earthquake victims #reliefbykkf #mqm #pakistan httpAddress,Donation and volunteering
14379,rt usrId video #kkf send another relief goods truck for #balochistan #earthquake victims #reliefbykkf #mqm #pakistan httpAddress,Donation and volunteering
14388,rt anjumkiani rt #earthquake relief assistance collection camps have been established under the supervision of pakistan army in httpAddress,Donation and volunteering
14389,rescue and relief operation continues in the #earthquake affected areas of mashke awaran by #pakistanarmy httpAddress,Donation and volunteering
14391,rt usrId efforts underway to help #baluchistan #earthquake victims remember them ! usrId httpAddress,Donation and volunteering
14394,rt usrId #pakistan survivors wait for food aid after pakistan quake houston chronicle the express tribunesurvivors .. httpAddress,Donation and volunteering
14398,trying to get relief work done for #earthquake victims situation not httpAddress likely food items to be air httpAddress,Donation and volunteering
14406,rt usrId DD trucks carrying supplies for #balochistan earthquake victims stopped by #pakistan securityforces localngo spo usrId,Donation and volunteering
14412,homeless pakistan quake survivors await help httpAddress #breakingnews #pakistan,Donation and volunteering
14419,baloch people living in stone age that s why pakistan worrying about reality beings exposed refused international httpAddress #earthquake,Donation and volunteering
14423,rt usrId so called anti #baloch #pakistan army is helping amp ; treating them in #earthquake hit areas of #balochistan httpAddress,Donation and volunteering
14424,rt usrId photoalbum #kkf dispatched another round of relief goods for #balochistan #earthquake victims #mqm #pakistan httpAddress,Donation and volunteering
14431,rt usrId httpAddress should report #pakistan hinders aid agencies amp ; journalists access to #balochistan earthquake to hide #humanri,Donation and volunteering
14440,rt usrId help ! #earthquake #balochistan #pakistan httpAddress usrId usrId usrId usrId usrId,Donation and volunteering
14441,rt usrId rt anjumkiani rt #earthquake relief assistance collection camps have been established under the supervision of pakistan arm,Donation and volunteering
14442,rt usrId pic 24 #kkf send relief goods for #balochistan earthquake victims #reliefbykkf #mqm #pakistan httpAddress,Donation and volunteering
14446,rt usrId #earthquake many contacting to send relief items to affected httpAddress points made in kci lhr httpAddress httpAddress r,Donation and volunteering
14454,rt usrId #earthquake victims being treated at one of the medicine camps at #awaran usrId httpAddress,Donation and volunteering
14459,mt usrId #redcrescent delivers relief in awaran httpAddress #pakistan #earthquake #redcross,Donation and volunteering
14463,rt usrId paki army begins relief operations by shelling #earthquake affected gajjar httpAddress httpAddress feared httpAddress,Donation and volunteering
14464,rt usrId #pakistan once again proved a good #baloch is a dead baloch still no httpAddress provided to quake victims seems army waiting 4,Donation and volunteering
14481,rt usrId photoalbum #kkf send relief goods for #balochistan #earthquake victims #reliefbykkf #mqm #pakistan httpAddress,Donation and volunteering
14483,rt usrId usrId #breaking #kingdon gt ; gt ; calls on gt ; all lt ; #nations lt ; D create there own ? usrId gt ; now lt ; help ? the victims of #myangles gt ; gt ;,Donation and volunteering
14492,rt usrId army warns militants not to hamper relief operations in quake hit areas samaa tv httpAddress via usrId #awar,Donation and volunteering
14501,rt usrId karachi is declared as base camp for #judreleif dispatches for #awaran #earthquake httpAddress,Donation and volunteering
14503,ch . nisar #pakistan army playing vital role to provide #balochistan #earthquake victims httpAddress,Donation and volunteering
14505,rt usrId where is #bla now ?? when balochis need help !! #pakistanarmy once again to the rescue !! #earthquake,Donation and volunteering
14511,rt usrId please contribute to #balochistan earthquake relief efforts in whichever way you can big or httpAddress your contribution will m,Donation and volunteering
14513,rt usrId pic 1 #mqm #kkf distribute relief goods in #balochistan #earthquake victims #pakistan httpAddress,Donation and volunteering
14515,rt usrId usrId and usrId have started relief ops in mashkai and mallaar httpAddress #judreleif #earthquake httpAddress,Donation and volunteering
14520,rt usrId D donate D trusted #balochistan earthquake relief v baloch welfare society visit their fb page D acct info httpAddress,Donation and volunteering
14521,usrId usrId usrId usrId usrId usrId help #pakistan govt take per constitut cntrl o armyisi usrId,Donation and volunteering
14548,rt usrId #reliefpk china #offer humanitarian aid to #pakistan red crescent httpAddress #hmrd,Donation and volunteering
14566,rt bpk69 so called anti #baloch #pakistan army is helping amp ; treating them in #earthquake hit areas of #balochistan httpAddress,Donation and volunteering
14581,#balochistan #earthquake #reliefpk usrId have dispatched three trucks of goods tents medicines video httpAddress #hmrd,Donation and volunteering
14585,rt usrId we re ready to assist the pakistan red crescent society prcs official in their work to help those affected by earthquake in #b,Donation and volunteering
14586,rt usrId qet altaf hussain strongly condemned blast in #peshawar #kpk and appealed #mqm workers for blood donation for httpAddress,Donation and volunteering
14593,rt usrId video #mqm quaid altaf hussain appeals to philanthropists for generous donations #reliefbykkf #pakistan httpAddress,Donation and volunteering
14599,rt usrId all the hue amp ; cry over attacks on helicopters carrying aid is a bid to prevent international aid agencies frm visitin #awaran,Donation and volunteering
14601,rt usrId rotaract karsaz initiating a fund raising drive for #balochistan httpAddress song night usrId on thi,Donation and volunteering
14613,three trucks relief good r ready to send earthquake affected areas of #balochistan by #mqm amp ; #kkf today #reliefbykkf,Donation and volunteering
14623,rt usrId now only #army is helping earthquake victims in #balochistan while civilian leadership is enjoying httpAddress shame,Donation and volunteering
14627,rt usrId pic9 #kkf send relief goods for #balochistan earthquake victims #reliefbykkf #mqm httpAddress,Donation and volunteering
14628,rather than pissing about with #syria why don t we do something about #pakistan httpAddress where aid is going to insurgents,Donation and volunteering
14639,rt usrId jud faisalabad drives massive donation collection compaign for #earthquake victims of #awaran httpAddress httpAddress,Donation and volunteering
14645,rt usrId appeal from #mqm dear #pakistan please come forward amp ; donate generously for #earthquake affected people of #balochistan #relie,Donation and volunteering
14654,pakistan quake survivors face long wait for aid httpAddress #pakistan,Donation and volunteering
14677,rt usrId just returned from #awaran severely miserable condition of earth quake httpAddress no water no food no tents no medical still,Donation and volunteering
14709,imf should help us to bail out from the current httpAddress minsters from #pakistan can help their #us counterparts,Donation and volunteering
14710,rt usrId DD of #pakistan navy men reach #earthquake hit #awaran balcohistan to take part in rescue httpAddress,Donation and volunteering
14714,#mqm qet #altafhussain special instructions are dispatched relief goods leader of mqm usrId #balochistan #eartquake,Donation and volunteering
14718,rt usrId pic6 #kkf send relief goods for #balochistan earthquake victims #reliefbykkf #mqm httpAddress,Donation and volunteering
14719,rt usrId #pmln mpas donate one month s salary to #balochistan quack victims #earthquake #pakistan #dunyatv,Donation and volunteering
14721,#kkf send relief goods for #balochistan #earthquake victims #reliefbykkf #mqm #pakistan httpAddress,Donation and volunteering
14727,#pakistan pakistan quake toll reaches 515 insurgents hamper aid efforts reuters,Donation and volunteering
14734,rt usrId after deadly #earthquake in #pakistan the urgent needs are shelter blankets water amp ; medical httpAddress usrId prepari,Donation and volunteering
14745,rt usrId usrId should not give aid to #pakistan D #balochistanearthquake bcoz they regard #baluch as their enemy ! #un must reach 2,Donation and volunteering
14746,in name of relief work army officials are conducting military operations ! #balochistanearthquake ! #awaran ! unending miseries for httpAddress,Donation and volunteering
14749,rt usrId usrId usrId usrId shame httpAddress #pak gov #aid so for reached in #earthquake effctd #balochistan area people burrying love httpAddress,Donation and volunteering
14761,in usrId #balochistan earthquake program ndma s military official continue to refuse accepting outside help httpAddress,Donation and volunteering
14762,if militants not allowing httpAddress then they shud better start relief response for #earthquake affectees in #awaran #pakistan usrId,Donation and volunteering
14767,survivors wait for food aid after pakistan quake httpAddress #quake #earthquake,Donation and volunteering
14776,usrId stop dirty politics !! they need real help more then this #balochistan #baloch,Donation and volunteering
14779,rt usrId #kkf have dispatched three trucks loaded with relief goods for #balochistan #earthquake victims #reliefbykkf #mqm httpAddress,Donation and volunteering
14787,rt usrId kaleeribaloch #pakistani forces stopped relief goods from entering into affected httpAddress #awaran #earthquake #balochistan,Donation and volunteering
14795,please support urgent appeal for donations for victims of the #balochistan earthquake by the bifd httpAddress,Donation and volunteering
14796,rt usrId #pakistan earthquake we re hearing immediate needs are water sanitation shelter amp ; httpAddress oxfam aid stocks in hyderabad be,Donation and volunteering
14798,usrId #balochistan #earthquake people need your help httpAddress,Donation and volunteering
14801,rt usrId qet altaf bhai instructions of #mqm workers D the victims of #earthquake #reliefbykkf supplies began preparing D send,Donation and volunteering
14802,#reliefpk mt usrId #pakistan immed needs water sanitation shelter medical oxfam aid stocks in hyderabad being mobilised #hmrd,Donation and volunteering
14814,rt baloch istan #pakistan army is collecting relief goods for #earthquake victims at cod rashid minhas road httpAddress,Donation and volunteering
14819,rt usrId video altaf hussian appeal to #mqm s workers of #kpk to donate blood for injured people in #peshawar blast #pakistan http,Donation and volunteering
14824,rt usrId pic 3 #kkf send relief goods for #balochistan earthquake victims #reliefbykkf #mqm #pakistan httpAddress,Donation and volunteering
14827,rt usrId #pakistan earthquake update usrId has arranged for the delivery of high energy biscuits to the affected people httpAddress,Donation and volunteering
14842,rt usrId help #earthquake victims #balochistanearthquake they are in desperate need of ur help ur help is need #un usrId #us http,Donation and volunteering
14851,rt usrId punjab govt donates rs 100m for balochistan quake victims httpAddress #balochistan #pakistan,Donation and volunteering
14868,what you can do to help balochistan #earthquake httpAddress,Donation and volunteering
14875,earthquake tragedy blf chief says international private help welcome httpAddress via usrId #balochistanearthquake #pakistan,Donation and volunteering
14902,rt usrId #mqm s charitable wing #kkf send relief goods for #balochistan earthquake victims httpAddress via usrId,Donation and volunteering
14911,kkf send relief goods for balochistan #earthquake victims usrId usrId usrId httpAddress,Donation and volunteering
14914,rt usrId thousands are homeless in desperate need of help usrId on usrId #pakistan earthquake,Donation and volunteering
14920,#mqm quaid #altafhussain appeals to philanthropists for generous donations #reliefbykkf #pakistan,Donation and volunteering
14923,rt usrId #pakistan earthquake we re mobilizing our contingency stocks in hyderabad to help with immediate needs httpAddress,Donation and volunteering
14941,help request for #earthquake #pakistan sufferers httpAddress #isaar #yhdesk,Donation and volunteering
14949,rt usrId is there a #relief camp some way to help out people in #balochistan ? #earthquake #death #injury #grief #destruction #los,Donation and volunteering
14953,rt usrId #earthquake in #pakistan problematic rescue httpAddress relief efforts in #taliban areas ! #security incidents reported http,Donation and volunteering
14957,kkf sent relief goods for #balochistan earthquake victims #reliefbykkf #altafhussain usrId httpAddress,Donation and volunteering
14977,rt usrId troops of pakarmy and fc were moved last night for rescue operation #earthquake affected areas strength has now risen to,Donation and volunteering
14978,rt usrId video #mqm sends relief goods worth millions of rupees to quake affected people of #balochistan #mqm #pakistan httpAddress,Donation and volunteering
14982,#quetta balochistan earthquake affected remote areas still waiting for relief living under open sky with hunger and httpAddress sadam brohi,Donation and volunteering
14983,rt usrId pic 2 #kkf dispatched another round of relief goods for #balochistan #earthquake victims #mqm #pakistan httpAddress,Donation and volunteering
14988,rt usrId rt #earthquake relief assistance collection camps have been established under the supervision of pakistan army in httpAddress,Donation and volunteering
14992,#balochistan #earthquake victims complaining bout missing trucks carrying relief httpAddress,Donation and volunteering
15000,rt usrId usrId volunteers unloading dry ration in httpAddress #relief4balochistan httpAddress,Donation and volunteering
15002,rt usrId pic4 #kkf send relief goods for #balochistan earthquake victims #reliefbykkf #mqm httpAddress,Donation and volunteering
15006,rt usrId video #mqm quaid altaf hussain appeals to philanthropists for generous donations #reliefbykkf #pakistan httpAddress,Donation and volunteering
15009,plz help the victims of #earthquack hit areas of #awaran amp ; #kech by depositing your donations at the donation camp of httpAddress,Donation and volunteering
15018,video altaf hussian appeal to #mqm s workers of #kpk to donate blood for injured people in #peshawar blast #pakistan httpAddress,Donation and volunteering
15026,rt usrId un ready to assist quake hit people #balochistan #pakistan httpAddress,Donation and volunteering
15034,rt usrId listen to #msfs usrId on usrId on difficulties of getting aid into conflict zones #pakistan #earthquakes httpAddress,Donation and volunteering
15035,pm nawaz sharif has taken serious notice of delay in the relief operations in the #earthquake affected httpAddress,Donation and volunteering
15038,usrId imagine people in #pakistan would view us if we helped them w #earthquake retrofits versus building more weapons usrId,Donation and volunteering
15055,rt usrId video #mqm sends relief goods worth millions of rupees to quake affected people of #balochistan #mqm #pakistan httpAddress,Donation and volunteering
15059,rt usrId people of #balochistan need your httpAddress #awaran #earthquake httpAddress,Donation and volunteering
15064,rt usrId survivors wait for food aid after pakistan quake ap national news videomore gt ; gt ; .. sky or in .. httpAddress,Donation and volunteering
15067,rt usrId pic6 #kkf send relief goods for #balochistan earthquake victims #reliefbykkf #mqm httpAddress,Donation and volunteering
15068,rt usrId httpAddress president akf left #bela to #awaran the most quake affected area with D relief trucks 10 ambulances amp ; DD volunt,Donation and volunteering
15069,rt usrId from usrId #pakistan earthquake victims desperate for help httpAddress,Donation and volunteering
15072,rt usrId #altafhussian appeal to #mqm s workers of #kpk to donate blood for injured people httpAddress #savepeshawar #pa,Donation and volunteering
15073,#kkf relief activities for #balochistan earthquake victims #reliefbykkf #mqm httpAddress,Donation and volunteering
15093,usrId usrId veengasj #awaran is looking for httpAddress #balochistan,Donation and volunteering
15094,rt usrId #bloodhelp ab ve blood urgently required at lahore general hospital #lahore #pakistan contact 0345 842 9933 httpAddress usrId,Donation and volunteering
15095,httpAddress president akf left from bela to awaraan the most quake affected area with 3relief trucks 10ambulances and httpAddress #awaran,Donation and volunteering
15101,youngsters also working with relief and donation camps voluntarily for #balochistan #earthquake victims really appreciatble effort #pakistan,Donation and volunteering
15111,rt usrId #kkf send relief goods for #balochistan earthquake victims #mqm httpAddress #reliefbykkf via usrId,Donation and volunteering
15112,rt usrId #mqm has no mandate in balochistan ; but #kkf amongst the first responders for #earthquake httpAddress im proud of my httpAddress #relie,Donation and volunteering
15117,rt usrId #pakistan earthquake usrId amp ; humanitarian partners stand ready to support govs ongoing relief effort if requested httpAddress,Donation and volunteering
15130,awaiting aid people affected by #balochistan #earthquake face growing problems as response teams struggle to help httpAddress,Donation and volunteering
15131,rt usrId usrId news #mqm chief #altafhussain appeals to philanthropists for generous donations #earthquake #kkf #pakistan httpAddress,Donation and volunteering
15150,rt usrId #earthquake appreciate the spirit of this young donor f 9 park collection point httpAddress httpAddress,Donation and volunteering
15151,rt usrId photoalbum #kkf send relief goods for #balochistan #earthquake victims #reliefbykkf #mqm #pakistan httpAddress,Donation and volunteering
15167,rt usrId ameer jamat ud dawa httpAddress qamar arrived with releif goods in #earthquake region of httpAddress httpAddress httpAddress,Donation and volunteering
15176,mt radiopakistan a paf c 130 transport aircraft dropped relief goods in earthquake affected awaran area of #balochistan #pakistan,Donation and volunteering
15183,#nawazsharif establishes a fund for assistance and relief of #earthquake victims of #balochistan #pmln #pakistan #dunyatv,Donation and volunteering
15193,rt usrId people who wanna help #earthquake affectees in baluchistan can contact usrId,Donation and volunteering
15196,how to help #balochistan earthquake httpAddress please share amp ; pray for httpAddress #pakistan httpAddress,Donation and volunteering
15212,rt usrId #kkf send another relief goods truck for #balochistan #earthquake victims #reliefbykkf #mqm #pakistan httpAddress,Donation and volunteering
15213,it s so sad o makes u think what s valuable in life ajelive quake survivors desperate for food amp ; water httpAddress #pakistan,Donation and volunteering
15214,#balochistan needs our help,Donation and volunteering
15215,rt usrId #balochistanearthquake entire villages have been httpAddress almost 0.5 mil people httpAddress help the victims in whatever yo,Donation and volunteering
15224,usrId 41m international community has offered assistance4the people affected by #earthquake in httpAddress it must reach here,Donation and volunteering
15225,video #kkf send relief goods for #balochistan #earthquake victims #reliefbykkf #mqm #pakistan httpAddress,Donation and volunteering
15229,rt usrId #kkf send relief goods for #balochistan earthquake victims #mqm httpAddress #reliefbykkf via usrId,Donation and volunteering
15233,rt usrId please help the #earthquake victims directly instead of #pakistani #army or government,Donation and volunteering
15241,rt usrId #mqm introduced service in politics of #pakistan and its charity wing #kkf always in front line to help needy httpAddress,Donation and volunteering
15255,usrId balochistan #earthquake four #survivors receive #medical aid at chk httpAddress #civilhospital,Donation and volunteering
15261,rt usrId why usrId tweeting against #pakistan state and army when army is busy in relief and rescue work in #balochistan #ear,Donation and volunteering
15262,rt usrId interesting article in usrId on how ai twitter amp ; digital volunteers collaborated to respond after #earthquake httpAddress,Donation and volunteering
15271,someone asked how they could help the #pakistan # earthquake httpAddress this is a good charity organization that httpAddress httpAddress,Donation and volunteering
15277,rt usrId women victims of #earthquake are more httpAddress female volunteers needed in #awaran httpAddress,Donation and volunteering
15309,rt usrId #pakistan aid agency usrId is planning to help 10 00 people with clean #water improved sanitation mosquito nets,Donation and volunteering
15311,rt usrId #kkf send relief goods for #balochistan #earthquake victims #reliefbykkf #mqm #pakistan httpAddress,Donation and volunteering
15322,#salute2pakarmy 4helping #earthquack victims song4 #pakistan army httpAddress #earthquake #ttp #balochistan #quetta #mayallah,Donation and volunteering
15332,rt usrId people of #balochistan need your httpAddress #awaran #earthquake httpAddress,Donation and volunteering
15339,samaatv #pak army fc troops continue relief operation in usrId areas samaa tv httpAddress #balochistan #pakistan,Donation and volunteering
15360,rt usrId #pakistan air force dropping relief supplies over awaran #baluchistan after the devastating httpAddress httpAddress,Donation and volunteering
15367,#balochistanearthquake relief work #politicalparties #civilsociety #ngos #writers r silent and #pmln issuing press httpAddress #pakistan,Donation and volunteering
15374,#reliefbykkf rt usrId #kkf send relief goods for #balochistan #earthquake victims httpAddress,Donation and volunteering
15390,pakistan army in support of baloch people in #awaran #balochistan #earthquake httpAddress,Donation and volunteering
15394,rt usrId #earthquake appreciate the spirit of this young donor f 9 park collection point httpAddress httpAddress,Donation and volunteering
15398,rt usrId enemy of baloch #pakistan army doctors treating patients in #earthquake hit areas in #balochistan httpAddress,Donation and volunteering
15399,rt usrId pic 24 #kkf send relief goods for #balochistan earthquake victims #reliefbykkf #mqm #pakistan httpAddress,Donation and volunteering
15403,rt usrId we re proud to be sponsoring #shakeoutbc for #earthquake safety awareness httpAddress,Donation and volunteering
15409,rt usrId rt anonymousbaluch DD trucks carrying supplies D #balochistan earthquake vics stopped by #pakistan securityforces localn,Donation and volunteering
15416,rt usrId on a serious note please donate generously for the #earthquake httpAddress aap naya iphone ya naya console baad main bhi khare,Donation and volunteering
15420,#earthquake victims of #balochistan need your help ! contact 973 39297469 to hand over your httpAddress do your part amp ; save httpAddress,Donation and volunteering
15438,rt usrId #pakistan earthquake update humanitarian partners are supporting government authorities to provide assistance httpAddress,Donation and volunteering
15443,rt usrId join us for the non stop #relief4balochistan for our brothers in httpAddress #earthquake httpAddress,Donation and volunteering
15457,rt usrId gt ; rt usrId cm #punjab punjab govt donate rs 100m to prime minister s #balochistan #earthquake relief fund #pakis,Donation and volunteering
15459,rt usrId #dgkhan students collecting donations for #balochistan #quakeaffectedpeople near #pressclub removed by police amp ; agencies usrId,Donation and volunteering
15461,rt usrId don t forget your #awaran #mashkay brothers amp ; sisters you can donate blood for quake victims call DD #balochi,Donation and volunteering
15463,rt usrId pic8 #kkf send relief goods for #balochistan earthquake victims #reliefbykkf #mqm httpAddress,Donation and volunteering
15464,rt usrId video #kkf send another relief goods truck for #balochistan #earthquake victims #reliefbykkf #mqm #pakistan httpAddress,Donation and volunteering
15465,pic 25 #kkf send relief goods for #balochistan earthquake victims #reliefbykkf #mqm #pakistan httpAddress,Donation and volunteering
15468,rt usrId micromappers launched for #pakistan #earthquake response join to help the efforts httpAddress v usrId,Donation and volunteering
15472,baloch govt with aid from httpAddress provincial govts amp ; army struggling hard to provide relief but lot need to be done still #awaran,Donation and volunteering
15474,DD trucks carrying supplies for #balochistan earthquake victims stopped by #pakistan securityforces localngo spo usrId usrId,Donation and volunteering
15478,pic 10 #kkf send relief goods for #balochistan earthquake victims #reliefbykkf #mqm #pakistan httpAddress,Donation and volunteering
15482,rt usrId appeal for httpAddress #judreleif #earthquake #awaran httpAddress,Donation and volunteering
15483,rt usrId usrId women victims of #earthquake are more httpAddress female volunteers needed in #awaran httpAddress,Donation and volunteering
15487,pic 22 #kkf send relief goods for #balochistan earthquake victims #reliefbykkf #mqm #pakistan httpAddress,Donation and volunteering
15491,rt usrId #kkf send relief goods for #balochistan earthquake victims #reliefbykkf #mqm httpAddress,Donation and volunteering
15493,rt usrId found helicopters hovering above but none reached the ground for help where many are still waiting for food and httpAddress,Donation and volunteering
15499,pic 16 #kkf send relief goods for #balochistan earthquake victims #reliefbykkf #mqm #pakistan httpAddress,Donation and volunteering
15500,DD trucks carrying supplies for #balochistan earthquake victims stopped by #pakistan securityforces localngo spo usrId usrId,Donation and volunteering
15501,rt usrId pic 5 #kkf send relief goods for #balochistan earthquake victims #reliefbykkf #mqm #pakistan httpAddress,Donation and volunteering
15507,while #earthquake effected areas of #balochistan yearn for relief but #militants continue to target #military helicopters with rockets !,Donation and volunteering
15515,#pakistan #news china sends relief goods for quake victims httpAddress,Donation and volunteering
15517,rt usrId usrId usrId #balochistan awaran needs #international assistance httpAddress #balochistanearthquake victims still w,Donation and volunteering
15530,while nation is busy in helping #earthquake victims taliban khan is busy in developing his ally s distribution httpAddress #ttpoffices #pti,Donation and volunteering
15537,rt usrId efforts underway to help #baluchistan #earthquake victims remember them ! usrId httpAddress,Donation and volunteering
15541,rt usrId dr malik s national party amp ; its student wing bso pajjar involve in rescue work from day httpAddress #earthquake #balochistan #m,Donation and volunteering
15556,rt usrId need ration bags for #earthquake affectees httpAddress team pakistan youth alliance leaving for awaraan and malaar early in th,Donation and volunteering
15563,rt usrId #awaran httpAddress #forces committed to help httpAddress #nation supporting httpAddress trolls and sick mafia finding httpAddress usrId,Donation and volunteering
15585,rt usrId locals in #awaran telling aid given by #army amp ; #govt is being set on fire by #militants in #mushkhey after once #army leave,Donation and volunteering
15591,rt usrId all baloch political parties amp ; all baloch armed group appeal to international orgs to help the victims of earthquake in,Donation and volunteering
15596,oxfam gears up its aid effort to help people affected by #pakistan earthquake httpAddress,Donation and volunteering
15598,rt usrId video #kkf send relief goods for #balochistan #earthquake victims #reliefbykkf #mqm #pakistan httpAddress,Donation and volunteering
15602,rt usrId news #kkf have dispatched three trucks loaded with relief goods for #baluchistan #earthquake victims #reliefbykkf http,Donation and volunteering
15612,rt usrId this is #pakistan rt usrId street vendor donating money to #awaran #earthquake relief #balochistan httpAddress,Donation and volunteering
15626,photoalbum #kkf send relief goods for #balochistan #earthquake victims #reliefbykkf #mqm #pakistan httpAddress,Donation and volunteering
15634,rt usrId #mqm #pakistan kpk govt dispatches DD trucks of relief goods to balochistans quake hit areas peshawar on httpAddress httpAddress,Donation and volunteering
15641,rt usrId photoalbum #kkf send relief goods for #balochistan #earthquake victims #reliefbykkf #mqm #pakistan httpAddress,Donation and volunteering
15645,rt usrId parts of #awaran are yet to receive #earthquake relief items even after the 6th day ! includes nokju and malaar areas to na,Donation and volunteering
15652,rt usrId khi we need volunteers to support our rescue teams in #earthquake affected areas of httpAddress pls contact at 0321274215,Donation and volunteering
15671,field mecical camps and lady doctors are also reaching #earthquake affected areas in #balochistan fed minster gen rt abdul qadir #pmln,Donation and volunteering
15675,rt usrId day 7th and some parts of balochistan hit by #earthquake are yet to receive relief httpAddress #pakistan,Donation and volunteering
15676,rt usrId pic 9 #kkf send relief goods for #balochistan earthquake victims #reliefbykkf #mqm #pakistan httpAddress,Donation and volunteering
15681,rt usrId rt usrId #yfk volunteers share their views on #kashmir with farah in her live morning show on #atv httpAddress,Donation and volunteering
15688,rt usrId video #mqm sends relief goods worth millions of rupees to quake affected people of #balochistan #mqm #pakistan httpAddress,Donation and volunteering
15690,rt usrId pic4 #kkf send relief goods for #balochistan earthquake victims #reliefbykkf #mqm httpAddress,Donation and volunteering
15699,rt usrId after deadly #earthquake in #pakistan the urgent needs are shelter blankets water amp ; medical httpAddress usrId prepari,Donation and volunteering
