19730,my thoughts and prayers to everyone in httpAddress httpAddress,Sympathy and support
19731,rt usrId prayers for nepal httpAddress,Sympathy and support
19741,rt usrId may allah look after httpAddress here r the emergency contact numbers for nepal share httpAddress prayers with all in httpAddress httpAddress,Sympathy and support
19745,rt usrId thinking about everyone involved in the earthquake in httpAddress such awful httpAddress,Sympathy and support
19747,rt usrId thoughts and prayers going out to the people of nepal f 4 httpAddress,Sympathy and support
19748,rt usrId keep nepal in ur thoughts pls,Sympathy and support
19750,my prayers for the people in #nepal please send positive thoughts and prayers with me . httpAddress,Sympathy and support
19756,rt usrId fantastic message of support from the lovely usrId we know dan amp ; the team in #nepal will be httpAddress httpAddress,Sympathy and support
19765,rt usrId and please pray for httpAddress #prayersfornepal f,Sympathy and support
19772,rt usrId prayers sent to all those effected by nepal earthquake f #candy #sasusaku #nepalearthquake #naruto httpAddress,Sympathy and support
19781,our prayers for all the tibetans and nepalese that have died or been affected by the terrible earthquake in httpAddress httpAddress,Sympathy and support
19785,bap bangyongguk praying for the people in nepal,Sympathy and support
19789,rt usrId t DD o ! god .. this is nepal earthquake httpAddress i shot a song here for mahaan with zeenat aman .. pray all well httpAddress,Sympathy and support
19805,lets take a moment n #prayforbaltimore #prayfornepal #godisneeded f f f,Sympathy and support
19814,usrId kids in my house were actually amused as it was not that httpAddress course one was not predicting things in nepal,Sympathy and support
19821,rt usrId we have been in touch with all our #outreach teams in nepal and they are all doing httpAddress pray for #nepalearthquake . httpAddress,Sympathy and support
19839,rt usrId a sad day for httpAddress let s sympathies with the families who lost love ones and pray for httpAddress f,Sympathy and support
19840,rt usrId hoping all is ok calgary bar own in nepal httpAddress usrId,Sympathy and support
19845,rt usrId this is why i love httpAddress people here help one another because they know the govt often can t usrId httpAddress,Sympathy and support
19846,rt usrId i m in httpAddress my prayers to all in #nepalearthquake just watching the news online 6 5 so scary .. my heart hurts ..,Sympathy and support
19848,rt usrId pm netanyahu sent a letter to nepalese pm koirala saying israel was pained by the disaster that has befallen #nepal httpAddress,Sympathy and support
19857,rt usrId #prayfornepal god please give them strength f f i hope everyone will be httpAddress,Sympathy and support
19883,rt usrId sometimes the heart sees what is invisible to the eye god help them to save httpAddress #meaatwork #indiawithnepal httpAddress,Sympathy and support
19894,rt usrId candlelight vigil for nepal in jackson heights httpAddress hear from the many mourners on #1010wins httpAddress,Sympathy and support
19905,rt usrId praying for those in nepal amp ; baltimore f f,Sympathy and support
19909,my heart goes to #kathmandu in the coming httpAddress donate to american nepal medical foundation with usrId httpAddress,Sympathy and support
19914,un ban ki moonthanks #nepalquake 1st responders httpAddress for relief workers as well as for all httpAddress,Sympathy and support
19920,rt usrId my prayers go out to dan s family and all those that lost someone today in httpAddress usrId you will be missed by ma,Sympathy and support
19931,rt usrId our hearts are with nepal as we mourn their httpAddress surge doesn t have a direct way to help right httpAddress httpAddress httpAddress,Sympathy and support
19932,i can t even imagine the devastation that comes from being a victim of a natural httpAddress #prayfornepal gt ; thugs causing violence,Sympathy and support
19937,thoughts and prayers for those affected #nepalearthquake f,Sympathy and support
19939,condolanses to nepal people and the families of mountaineers who lost their lives at httpAddress httpAddress,Sympathy and support
19941,rt usrId historic #earthquake in #nepal ; much lost many to mourn as much to httpAddress worst is httpAddress alert safe httpAddress,Sympathy and support
19946,praying for the people of nepal f c hoping they find their loved ones who are missing 4,Sympathy and support
19952,i hope those affected in nepal all alright !! my strength is in you #nepalearthquake,Sympathy and support
19955,rt usrId let us all pray that mother nature spares lives and does not cause further destruction in httpAddress,Sympathy and support
19957,rt usrId we are with you nepal #thankyoupm amp ; team army rss and all selfless httpAddress wonderful toon httpAddress httpAddress,Sympathy and support
19981,deepest condolences for those whose near one passed in nepal disaster,Sympathy and support
19995,rt usrId awful news from httpAddress mother nature can be httpAddress thoughts go out across the land to all affected 4,Sympathy and support
20007,rt usrId prayers going out to the people in httpAddress may god be with you all,Sympathy and support
20008,rt usrId sending blessings to #nepal httpAddress life is fragile,Sympathy and support
20011,rt usrId pm netanyahu on behalf of the israeli people conveys his condolences to the people of httpAddress israel will render any assi,Sympathy and support
20029,my deepest sympathy goes out to all those in baltimore and nepal right httpAddress remain strong ! our prayers are with httpAddress,Sympathy and support
20032,rt usrId usrId thoughts and prayers for the people of httpAddress,Sympathy and support
20038,our thoughts and prayers are with the people httpAddress #nepal httpAddress,Sympathy and support
20042,thx buddy mom safe in kathmandu tennis updates usrId hope everyone is okay and always stay strong in this tough moment httpAddress,Sympathy and support
20043,rt usrId kathmandu nepal ap social media is a chronicle of life and sometimes httpAddress so perhaps httpAddress httpAddress,Sympathy and support
20044,rt usrId keep nepal in your prayers httpAddress,Sympathy and support
20051,rt usrId you can also send your personal message to us by adding the hashtag #cardsfornepal ! #nepal #nepalearthquake,Sympathy and support
20052,rt usrId my prayers go to all those people who have lost their loved ones and their homes due to the httpAddress we stand with yo,Sympathy and support
20056,rt usrId httpAddress heart touching photo #nepalquake #nepalearthquake httpAddress,Sympathy and support
20062,rt usrId we pray for the beautiful people amp ; nation of httpAddress for those injured amp ; those who lost loved httpAddress #prayfornepal httpAddress,Sympathy and support
20064,usrId really hope the operation to rescue the kid be httpAddress prayers #nepalearthquake,Sympathy and support
20067,rt usrId i was just woken up to hear about httpAddress httpAddress my heart goes out to the httpAddress,Sympathy and support
20077,rt usrId my heart breaks httpAddress rising death toll from the #nepalearthquake please help usrId help children families affected httpAddress,Sympathy and support
20078,rt usrId to all those who reach to preach ! #nepalearthquake httpAddress,Sympathy and support
20081,tibetan spiritual leader dalai lama saddened over nepal quake httpAddress #nationalnews zeenews,Sympathy and support
20088,rt usrId ciaa is with govt amp ; ppl in humanitarian mission of rescue relief to share relieve httpAddress caused by #nepalquake http,Sympathy and support
20106,my heart goes out to all in nepal and those who lost their lives may rest in httpAddress #nepalearthquake,Sympathy and support
20108,please take a moment or more out of your day today and pray for httpAddress httpAddress,Sympathy and support
20112,i am very scare about earthquake and pray for nepal to god i felt yesterday little but horrible earthquake god please save us,Sympathy and support
20124,rt usrId our thoughts and prayers are with all of those impacted by the earthquake in #nepal and their friends and family at this,Sympathy and support
20128,rt usrId earthquake in nepal is very shocking for all ; #msghelpearthquakevictims we pray guruji to send green s there as well,Sympathy and support
20129,rt usrId prayers up for the folks in nepal,Sympathy and support
20134,rt usrId full marks to usrId usrId usrId for stepping in with urgency and humaneness #nepalearthquake,Sympathy and support
20147,pray for nepal #rightnow #prayfornepal httpAddress,Sympathy and support
20149,rt usrId we are with the people of #nepal as they struggle to cope with saturday s #earthquake httpAddress,Sympathy and support
20154,rt usrId praying for everyone in httpAddress,Sympathy and support
20156,tragedy in nepal reminded my of going to everest base camp with this guy chris i filmed lots of this ! httpAddress,Sympathy and support
20157,rt usrId devastating httpAddress thoughts are with everyone httpAddress #nepalearthquake,Sympathy and support
20161,heartful condolences for all those who got affected by the httpAddress pls be safe people as fresh tremors have been felt again in #nepal,Sympathy and support
20186,rt usrId dear friends bryan has asked us to assure everyone that he is safe in httpAddress our thoughts are with everyone affected b,Sympathy and support
20188,rt usrId gen dalbir singh coas conveys his heartfelt condolences to the people of nepal and assures full and speedy assistance in this h,Sympathy and support
20189,rt usrId our hearts and prayers go out to everyone in nepal and the other countries affected by the httpAddress god bless you a,Sympathy and support
20192,thinking of httpAddress photo taken from a trip in httpAddress sad to think this beautiful square patan has httpAddress,Sympathy and support
20199,rt usrId prayers for those affected in nepal,Sympathy and support
20200,rt usrId pm ns telephoned his nepalese counter part and expresed deep sorrows over loss of humanity due to earthquake in nepal ht,Sympathy and support
20203,httpAddress resilience means we need to have httpAddress responses to #ebola #nepalearthquake have been httpAddress httpAddress,Sympathy and support
20204,rt usrId hope the world responds to the needs of people of #nepal and help to restore their httpAddress sg httpAddress,Sympathy and support
20205,usrId usrId usrId usrId coz no httpAddress is a poor httpAddress httpAddress everything else walks,Sympathy and support
20207,an overwhelming sense of helplessness over nepal is seeping in . hope we can pick up the pieces httpAddress,Sympathy and support
20224,photo #supportnepal in this time of httpAddress #prayfornepal to give them httpAddress #himalaya httpAddress httpAddress,Sympathy and support
20227,rt usrId after the #nepalearthquake a necessary gesture of power ; 100 00 monks in prayer httpAddress,Sympathy and support
20232,rt usrId my prayers go out to nepal,Sympathy and support
20253,rt usrId devastated to hear about earthquake in nepal amp ; north httpAddress our govt has set up a httpAddress call httpAddress httpAddress,Sympathy and support
20265,rt usrId mayor usrId is asking #chch residents to dig deep for httpAddress httpAddress time to return the httpAddress httpAddress,Sympathy and support
20267,proud of my israel #nepalquakerelief httpAddress f f f,Sympathy and support
20269,rt usrId please #prayfornepal httpAddress,Sympathy and support
20270,deeply sadden with what has happened in nepal ! we need more ambassadors of christ before our god to pray for this nation constantly !,Sympathy and support
20276,rt usrId we are here for you httpAddress stay strong ! httpAddress,Sympathy and support
20277,usrId i think it goes against not praying to be httpAddress i m ok with something like praying for nepal join me in praying httpAddress,Sympathy and support
20278,i was going to pray for the people of httpAddress but if there was a god to hear my prayers he would have httpAddress httpAddress,Sympathy and support
20289,our thoughts and prayers are with families amp ; businesses in nepal rocked by a devastating magnitude 7.8 earthquake killing over DD httpAddress,Sympathy and support
20293,heart heavy for httpAddress we share your grief and pain and wish you more strength and courage in this httpAddress #pakstandswithnepal,Sympathy and support
20294,keeping nepal and baltimore in prayer tonight #hestheprinceofpeace #hisheartisforeveryone,Sympathy and support
20298,rt usrId my deepest prayers for the people of httpAddress may god almighty protect httpAddress have some nepalese friends httpAddress can t get thr,Sympathy and support
20299,rt usrId good to see that poland and pakistan rescue team in bhaktapur httpAddress i hope they will rescue ppl httpAddress #nepalquake httpAddress,Sympathy and support
20304,rt usrId its more and more upsetting to get news on the nepal tragedy with every passing httpAddress,Sympathy and support
20318,rt usrId looking down on the himalayas kathmandu and mt . httpAddress praying for everyone affected by the httpAddress httpAddress,Sympathy and support
20322,rt usrId president usrId to pm usrId today your leadership in this hour are reassuring to people of nepal amp ; people o,Sympathy and support
20326,rt usrId reading up on it and watching the httpAddress thoughts are with the families that have lost loved ones #nepalearthquake,Sympathy and support
20332,christ that earthquake in nepal really was bad,Sympathy and support
20337,praying for those in nepal right httpAddress 4,Sympathy and support
20339,rt usrId #nepalearthquake moving httpAddress god bless httpAddress httpAddress,Sympathy and support
20343,rt usrId a moment of silence for those people affected in the earthquake from httpAddress #prayfornepal httpAddress,Sympathy and support
20344,feel horrible for kathmandu httpAddress httpAddress hard enough climbing everest without an httpAddress always wanted to visit httpAddress,Sympathy and support
20349,rt usrId its so sad for the people of httpAddress your httpAddress can also join us httpAddress httpAddress,Sympathy and support
20350,usrId truly a tragedy in nepal,Sympathy and support
20357,rt usrId lets keep our thoughts and prayers to our fellow human beings who are in httpAddress they need all the support they can get at a t,Sympathy and support
20362,rt usrId while here i am in sg complaining about the httpAddress my prayers are with you httpAddress #prayfornepal httpAddress,Sympathy and support
20363,rt usrId after today s earthquake in nepal my deepest condolences go to the families of the victims in nepal india amp ; banglad,Sympathy and support
20366,rt usrId looks serene from usrId but my thoughts are still with the people affected by the httpAddress httpAddress,Sympathy and support
20368,rt usrId thoughts and prayers for the people of nepal and everyone affected by today s tragic httpAddress hold onto your faith and stay str,Sympathy and support
20370,rt usrId our thoughts and prayers are with everyone affected by the httpAddress here s a list of organizations httpAddress http,Sympathy and support
20375,rt usrId so proud of my friend usrId for actually going to nepal and actively helping there ! lets do our bit visit htt,Sympathy and support
20380,rip to the google executive #danfredinburg killed in the everest avalanche after #nepalearthquake #prayfornepal,Sympathy and support
20388,may the one true god who goes by many names bless the people of httpAddress #jesus #allah #yahweh #brahma,Sympathy and support
20390,rt usrId oh allah please guide the people of nepal in this time of httpAddress please make dua for them amp ; spread this hash tag #all,Sympathy and support
20396,rt usrId my prayers thought and love goes out to httpAddress #kathmanduquake #earthquake httpAddress,Sympathy and support
20398,rt usrId httpAddress courage httpAddress this is not how the end should have come httpAddress not like this httpAddress,Sympathy and support
20404,praying for httpAddress #prayfornepal #godblessusall,Sympathy and support
20405,keep your prayers silent and let your money do the talking #nepal,Sympathy and support
20422,rt usrId between baltimore and httpAddress emotionally httpAddress,Sympathy and support
20426,rt usrId our thoughts are with people of httpAddress deep condolences to the families of the earthquake httpAddress,Sympathy and support
20444,along with baltimore my heart goes out to the lives lost and many others who are searching for family members and httpAddress #nepal,Sympathy and support
20447,rt usrId our thoughts are with nepal many neighbors are originally from httpAddress D easy ways to contribute to relief efforts ht,Sympathy and support
20456,rt usrId prayers for nepal f,Sympathy and support
20462,usrId thanks modi ji for your quick action for nepal earth quake and quick relief to nepal httpAddress,Sympathy and support
20476,rt usrId rt ya allah make it easy for all those under difficulty at this httpAddress #islam #dua #nepalearthquake httpAddress,Sympathy and support
20477,my condolences to all who died in this tragedy and god give the people of nepal and india strength to overcome httpAddress,Sympathy and support
20479,#prayers #condolences amp ; our #best #wish 4a #speedy #recovery 2d #country of #nepal #nepalquake #nepalearthquake #earthquake 7.8 #richterscale,Sympathy and support
20481,rt usrId astaghfirullah heartbreaking photos from httpAddress may allah save the victims of httpAddress ameen usrId httpAddress,Sympathy and support
20487,a cama worker is en route to #nepal please pray that his flight will be able to httpAddress,Sympathy and support
20502,rt usrId pray for nepal httpAddress,Sympathy and support
20504,rt usrId #baylor students gathered on campus tonight to pray for those affected by the httpAddress httpAddress,Sympathy and support
20508,rt usrId we ve closed the #loveroflife contest due to massive earthquake in nepal and httpAddress we pray for the well being of affecte,Sympathy and support
20509,rt usrId a collated list of resources and helplines for httpAddress very httpAddress please rt . via usrId httpAddress,Sympathy and support
20512,rt usrId proud of our government and armed forces for all their efforts in httpAddress my prayers are with everyone affected by this traged,Sympathy and support
20513,rt usrId prayers for all the dead and missing in nepal ! please also keep the family of yann traboulsi in your httpAddress httpAddress,Sympathy and support
20521,sincere condolense to the people of httpAddress #nepalquake,Sympathy and support
20523,rt usrId #nepalearthquake no matter what happens make sure you are in rightstanding with god peace of httpAddress,Sympathy and support
20529,whatever you re doing httpAddress don t just hashtag pray for nepal or baltimore stop what you re doing and actually httpAddress #liftitup,Sympathy and support
20536,very sad rip those souls missing in nepal httpAddress,Sympathy and support
20540,rt usrId we are very grateful to usrId followers amp ; all our great supporters who are responding to #nepalearthquake httpAddress,Sympathy and support
20544,#nepalearthquake father god we pray for those whose lives were lost in httpAddress,Sympathy and support
20559,#teamfollowback rohit sharma prays for earthquake hit nepal #followback,Sympathy and support
20575,rt usrId very lucky to be httpAddress very lucky to be httpAddress please send nothing but prayers to the people of nepal httpAddress,Sympathy and support
20579,god save them 6 #prayfornepal,Sympathy and support
20589,i hope all of my nepalese friends and families are safe and sound as well as the httpAddress f #nepalquake,Sympathy and support
20598,if someone knows httpAddress please share and share again for him and all the other #nepal #helpnepal httpAddress,Sympathy and support
20610,rt usrId usrId thanks for ur prayers ! we really need it atm #my #country #my #pride #my # nepal f c,Sympathy and support
20611,my heart goes out to the victims and families of lost loved ones affected by the nepal httpAddress stay safe keeping everyone in my prayers,Sympathy and support
20624,please say a prayers for the people in #nepal 7.9 magnitude earthquake .. hundreds killed many more httpAddress,Sympathy and support
20636,rt usrId and above all we salute the resilience of our sisters amp ; brothers in nepal amp ; parts of india for their courage in the fac,Sympathy and support
20639,usrId pray for #nepal f,Sympathy and support
20644,rt usrId our hearts go out to the thousands in mourning in nepal and around the httpAddress life is so httpAddress love the ones you httpAddress,Sympathy and support
20645,rt usrId pray for nepal pray for baltimore pray for the homeless people sleeping DD feet away from you pray for a change in the,Sympathy and support
20650,thoughts are also with those affected by the #nepalearthquake,Sympathy and support
20653,please keep nepal in your httpAddress this is not about any religion it s about httpAddress for my httpAddress ones usrId usrId f,Sympathy and support
20674,the pointlessness of death n destruction httpAddress man does not kill man nature httpAddress about httpAddress god,Sympathy and support
20685,prayers to the families wrecked in nepal httpAddress . #google started to search people httpAddress . httpAddress httpAddress,Sympathy and support
20690,rt usrId nation mourns as families hold mass cremations for victims of #nepalquake httpAddress httpAddress,Sympathy and support
20695,rt usrId sending love and prayers to the families of the 300 people who died in httpAddress absolute httpAddress #nepalearthquake,Sympathy and support
20697,massage to nepal httpAddress usrId #earthquake httpAddress,Sympathy and support
20704,rt usrId john 11 35 jesus httpAddress #prayfornepal,Sympathy and support
20708,how to help the victims a 7.8 magnitude earthquake rocked nepal with devastating force saturday killing httpAddress httpAddress,Sympathy and support
20709,people in kathmandu stay safe,Sympathy and support
20724,rt usrId prayers for httpAddress httpAddress httpAddress,Sympathy and support
20726,rt usrId pray for nepal #nepalearthquake #nepalquake,Sympathy and support
20732,rt usrId a heart full of condolences amp ; lips worded with prayers for the #earthquakeaffected in httpAddress there b light httpAddress http,Sympathy and support
20742,i m relief to know that my friend is alright after earthquake struck nepal few days httpAddress httpAddress,Sympathy and support
20750,thank god that my dearest friend s family and friends in nepal are safe and doing httpAddress let s pray httpAddress,Sympathy and support
20751,rt usrId new cns video #popefrancis prayed yesterday for victims of the #nepalquake httpAddress,Sympathy and support
20756,rt usrId #iran s usrId message of condolences to victims of #nepalearthquake httpAddress,Sympathy and support
20759,rt usrId nepal pics D hour httpAddress httpAddress httpAddress,Sympathy and support
20781,rt usrId let us pray for our brothers in nepal ! another earthquake today sunday via httpAddress,Sympathy and support
20783,rt usrId when nature reacts u feel the hugeness of the beast . prayers for all in nepal . may god shower his grace and may all be,Sympathy and support
20787,rt usrId just met someone in abu dhabi who belongs to nepal hear him say any his family thr just makes my heart httpAddress prayers to,Sympathy and support
20792,i said a prayer that today would bring peace for the world and httpAddress peace and comfort to all those that need it . #baltimoreriots #nepal,Sympathy and support
20793,rt usrId the buddhist community come together to pray for #nepal amp ; show love and support to httpAddress love my httpAddress x f e ht,Sympathy and support
20794,we are here for all of us 5 f d #burundi #baltimoreriots #nepal,Sympathy and support
20795,rt usrId my deepest condolences and blessings for #nepal and its httpAddress sg,Sympathy and support
20803,rt usrId thoughts amp ; prayers are with those in nepal emergency teams and those effected by the httpAddress,Sympathy and support
20805,hope and prayers for #nepalearthquake httpAddress,Sympathy and support
20806,just praying and hoping my friends from nepal and their families are safe and httpAddress,Sympathy and support
20815,rt usrId my prayers for those affected by the earthquake in kathmandu httpAddress this was one of the strongest earthquakes httpAddress,Sympathy and support
20851,rt usrId spread the word ! #nepalquakerelief httpAddress,Sympathy and support
20860,rt usrId kathmandu welcomed me D years httpAddress warm inviting httpAddress brilliant httpAddress beautiful httpAddress prayers for httpAddress #n,Sympathy and support
20866,rt usrId my heart goes out to everyone in httpAddress,Sympathy and support
20871,nepal is in the same condition where pakistan hit by the catastrophy in httpAddress allah bless them #pakstandswithnepal,Sympathy and support
20906,rt usrId a tragic incident like one in nepal today reminds you of the superior powers above httpAddress live your life with humility and love fo,Sympathy and support
20907,rt usrId #nepal a race against time to save people after the largest earthquake in more than DD years httpAddress httpAddress,Sympathy and support
20911,rt usrId pray for nepal and chile,Sympathy and support
20912,rt usrId pic DD chanyeol amp ; sehun update on instgram they posted about help earthquake s victims on nepal unicef httpAddress,Sympathy and support
20915,there s been a 7.8 earthquake in httpAddress it s very httpAddress prayers for them httpAddress,Sympathy and support
20920,rt usrId please take time to httpAddress #prayfornepal,Sympathy and support
20934,usrId may god give nepal s people strength and power to fight up with their conditions c,Sympathy and support
20935,rt usrId #prayfornepal D retweet D prayer,Sympathy and support
20946,rt usrId #nepalearthquake we hope to not only bring emergency supplies but also a sense of hope httpAddress httpAddress,Sympathy and support
20951,rt usrId praying for strength and courage to all those affected in #nepal #india #earthquake . #nepalquake httpAddress,Sympathy and support
20954,if this d best #soulvultures can pin goi amp ; modi on D #nepalquakerelief usrId i am really proud of my httpAddress httpAddress,Sympathy and support
20961,prayers with earthquake victims in nepal tibet and httpAddress httpAddress,Sympathy and support
20962,rt usrId very heavy httpAddress our thoughts and prayers with families in nepal impacted by httpAddress help us httpAddress link httpAddress,Sympathy and support
20970,#iran offers condolences to #nepal over deadly #quake httpAddress,Sympathy and support
20977,baltimore indonesia nepal there s too much happening in this world baltimore indonesia nepal httpAddress httpAddress,Sympathy and support
20994,rt usrId pray for httpAddress f httpAddress,Sympathy and support
21003,rt usrId there s a lot to pray for out httpAddress join us in lifting up the people of #nepal and httpAddress,Sympathy and support
21008,arsenal official support the nepal earthquake appeal httpAddress #afc #arsenal,Sympathy and support
21013,woke up happy to be alive prayers out to all the victims of the #nepalearthquake that shit is no joke,Sympathy and support
21019,rt usrId we need to support all the nepali workers in malaysia who have lost family #nepalearthquake #nepalquake,Sympathy and support
21030,we are praying for nepal !,Sympathy and support
21031,rt usrId unbelievable what has happened in httpAddress thinking of all those who ve lost family and httpAddress,Sympathy and support
21041,pray for nepal #prayfornepal thankiess share you re love and httpAddress xx,Sympathy and support
21044,i cried yesterday d httpAddress,Sympathy and support
21047,these rescue and survivor stories from the #nepalquake are httpAddress,Sympathy and support
21050,rt usrId please extend all your support and contribute to the devastation in httpAddress,Sympathy and support
21072,rt usrId my prayers with people of #nepal amp ; across #india after the massive 7.9 magnitude httpAddress hope everyone is safe ! httpAddress,Sympathy and support
21074,rt usrId everyone please pray for nepal httpAddress,Sympathy and support
21080,rt usrId may allah help those in nepal grant strength to those who have lost their loved ones amp ; give them httpAddress httpAddress,Sympathy and support
21081,let us join hands and pray for the nepal earthquake httpAddress may our prayers give them strength to rise httpAddress httpAddress,Sympathy and support
21082,rt usrId sending love amp ; light to everyone affected by the devastating httpAddress stay httpAddress my thoughts amp ; prayers are w,Sympathy and support
21086,pray for nepal #nepalearthquake 5 a httpAddress,Sympathy and support
21087,rt usrId our thoughts are with projects partners colleagues amp ; the people of httpAddress we hope all are safe usrId usrId,Sympathy and support
21092,rt usrId it is with great regret that i extend my condolences to the government and people of #nepal to the victims httpAddress httpAddress,Sympathy and support
21096,please check out mine and usrId s ig . let s help the victims of nepal earthquake especially the httpAddress 7 httpAddress,Sympathy and support
21098,india with people of nepal mukherjee tells envoy httpAddress,Sympathy and support
21100,rt usrId twitter DD usrId #hotshot praying that there will not be any more major damages #prayfornepal httpAddress,Sympathy and support
21104,i want to dedicate this performance to the people of nepal and the people of httpAddress httpAddress,Sympathy and support
21111,rt usrId #msghelpearthquakevictims shocked !! hearing earthquake in nepal n some parts of httpAddress i pray to god to save his child,Sympathy and support
21112,rt usrId my prayers f also 4all the people who have suffered in this devastating httpAddress may god be with you amp ; ur fam,Sympathy and support
21113,rt usrId kalighat ! prayed for all of us !! my deepest prayers for lives in httpAddress to endure heal n find peace ! #faith ht,Sympathy and support
21118,rt usrId the sight of my flag here makes my heart sink httpAddress #nepalearthquake triggers avalanche near everest base camp httpAddress,Sympathy and support
21119,usrId seriously your man of action not httpAddress of httpAddress for helping #nepal,Sympathy and support
21120,usrId god save our country nepal absolute saddening amp ; heartbreaking #prayfornepal,Sympathy and support
21123,rt usrId hope amp ; prayer at everest dailyo #nepalearthquake #indianarmy doesn t let you lose hope by usrId httpAddress,Sympathy and support
21128,rt usrId #nepalearthquake it s terrifying for children i was in la last big one i know ! please support usrId,Sympathy and support
21156,rt usrId humbled to see ur generous heart an honour to call u my friend usrId star tv help nepal earthquake survivors https,Sympathy and support
21164,rt usrId some friends in sydney who come from #nepal can t reach their httpAddress my prayers are with httpAddress #nepalearthquake #nepal,Sympathy and support
21174,rt usrId the nepal earthquake is a worst case scenario httpAddress help us as we follow jesus where the need is httpAddress httpAddress,Sympathy and support
21188,rt usrId my prayers for people of #nepal #nepalquake httpAddress,Sympathy and support
21212,rt usrId my thoughts are with everyone in httpAddress sending my httpAddress,Sympathy and support
21215,my thoughts are with all our families usrId usrId #nepalearthquake httpAddress,Sympathy and support
21216,rt usrId #prayfornepal f our prayers go to the people affected by a 7.9 earthquake in httpAddress donate httpAddress or httpAddress,Sympathy and support
21223,local bishop describes a very very frightening scene in #nepal httpAddress,Sympathy and support
21225,rt usrId httpAddress today total D times earthquake feel in all over india nd httpAddress papaji plz save to all,Sympathy and support
21228,rt usrId thinking of all in #nepalquake,Sympathy and support
21238,you cannot even imagine the psychological impact #nepalearthquake has had on us . it s not httpAddress stop international media propooganda !,Sympathy and support
21239,sending my love amp ; prayers to nepal #nepalearthquake #prayfornepal x,Sympathy and support
21246,thoughts go out to all those affected in the #nepalearthquake,Sympathy and support
21247,rt usrId team wizcraft s prayers amp ; love goes with all those affected and we hope for their speedy httpAddress #prayfornepal httpAddress,Sympathy and support
21270,rt usrId we mourn httpAddress the people of nepal amp ; india in the aftermath of this terrible disaster amp ; offer our help amp ; our httpAddress httpAddress,Sympathy and support
21271,rt usrId #prayfornepal get well soon d,Sympathy and support
21286,rt usrId it is times like these when the church must lead the way usrId nepal earthquake relief appeal httpAddress,Sympathy and support
21287,rt usrId vadodara gujarat students express their solidarity with nepal offer prayers for the victims of httpAddress httpAddress,Sympathy and support
21292,rt usrId nepal stay httpAddress stay httpAddress,Sympathy and support
21294,rt usrId my gratitude to pm usrId for his kind words on india s relief amp ; rescue efforts in nepal including help extended to i,Sympathy and support
21297,rt usrId hearts with usrId and nepali people httpAddress,Sympathy and support
21301,rt usrId in the hour of need #indiawithnepal httpAddress,Sympathy and support
21303,beatking sumedh nepal f india is with you ! god is with you ! hope all srvivs and gets all d help httpAddress prayers are wid evry D der,Sympathy and support
21306,breaks my heart to hear the real life stories of the nepal earthquake waiting in limbo for the flight home httpAddress,Sympathy and support
21307,after watching these #nepalearthquake news how come people are tweeting about #ipl httpAddress pls pray for those httpAddress,Sympathy and support
21315,be strong httpAddress #prayfornepal #nepalearthquake,Sympathy and support
21324,rt usrId nepal is in great need of help and httpAddress #msghelpearthquakevictims is there to help httpAddress need to worry when,Sympathy and support
21325,fatboy asked why pray for #nepal yet god who could have stopped the catastrophe didn t do nothing about it ? it s a good qn huh !!,Sympathy and support
21326,rt usrId thoughts and prayers are with everyone who was involved in the nepal httpAddress praying for the families of those who lost t,Sympathy and support
21329,my thoughts and deepest sympathies go out to the victims of the #nepalquake,Sympathy and support
21332,photoset brophanbuscus a 7.9 magnitude earthquake has hit httpAddress it s sad to see that it s not all httpAddress httpAddress,Sympathy and support
21334,rt usrId india will try to wipe #nepal s tears usrId ! lucky D have u as pm #indiawithnepal #meaatwork #mannkibaat httpAddress,Sympathy and support
21351,my heartfelt condolences to all the nepali families which are affected by the earthquake #nepalearthquake #pakstandswithnepal,Sympathy and support
21352,rt usrId httpAddress love and httpAddress however as you can see the awaited one gohar shahi is already httpAddress it has been more than 4,Sympathy and support
21361,rt usrId support to nepal from httpAddress httpAddress,Sympathy and support
21366,amitabh bachchan horrid to see destruction of nepal s heritage buildings our prayers go out for nepal and httpAddress httpAddress,Sympathy and support
21370,rt usrId #nepal what has happened is unfortunate beautiful country now on its knees #nepalearthquake #nepalquake #nepalquaker,Sympathy and support
21375,stay strong nepal earthquake again,Sympathy and support
21405,its feeling very sad know about the earthquake in nepal after dying of thousands of httpAddress very terrific,Sympathy and support
21406,rt usrId the situation in nepal is really httpAddress prayers are with them f,Sympathy and support
21410,rt usrId please be strong amp ; hold on together !! #prayfornepal #singfornepal httpAddress,Sympathy and support
21411,rt usrId india will wipe the tears of nepal help it tide over crisis pm modi in mann ki baat httpAddress,Sympathy and support
21414,rt usrId god help nepal f,Sympathy and support
21418,rt usrId deeply saddened by the tragedy that has happened in httpAddress my prayers and thoughts r with you all in this time of grief,Sympathy and support
21419,rt usrId pray for god s mercy and grace for the people of httpAddress may the #gospel be heard by every suffering httpAddress,Sympathy and support
21425,rt usrId our mountains and temples has been pulverised but #nepal will rise again writes usrId httpAddress httpAddress,Sympathy and support
21429,usrId thanks mam for quick action in httpAddress proud to have u in httpAddress isse pehle india ne itni jaldi rahat karya nahi kiya hai,Sympathy and support
21454,rt usrId our thoughts go out to victims rescuers survivors and anyone affected by the m 7.8 earthquake that hit httpAddress #nepale,Sympathy and support
21463,rt usrId prayers go to everyone in httpAddress f d almost DD people have been reported dead after a 7.8 magnitude earthquake hit nepal,Sympathy and support
21467,help the earthquake victims pray for nepal an earthquake with magnitude 7.8 occurred near lamjung nepal httpAddress httpAddress,Sympathy and support
21491,rt usrId these are the bloody epicenters of past few hour s earthquakes in #nepal and still httpAddress #nepalearthquake #pray httpAddress,Sympathy and support
21492,prayers hope amp ; encouragement to the httpAddress bbc news nepal quake followed historic pattern httpAddress,Sympathy and support
21495,rt usrId horrifying than a scifi movie #nepalearthquake #earthquake pray for the victims . httpAddress,Sympathy and support
21498,nepal brings back so much of beautiful moments to treasure and cherish . my prayers for the people for nepal,Sympathy and support
21499,rt usrId there are lots of people dies in #earthquake ! let s pray for them usrId anna pls do rt it f #prayfornepal,Sympathy and support
21503,rt usrId let s us all send as many positive thoughts and blessings as we httpAddress #prayfornepal httpAddress,Sympathy and support
21506,rt usrId it s so sad how we have kids here from nepal school is about to end in a couple days and they have no family nor house to g,Sympathy and support
21511,keeping them in prayer f httpAddress,Sympathy and support
21513,rt usrId saddened by enormous tragedy and loss of life unfolding after httpAddress condolences to people of #nepal from #k,Sympathy and support
21517,boarders from usrId unite in prayer for all those affected for #nepalquake amp ; the work of usrId,Sympathy and support
21527,such very sad news my prayers go to all and their loved httpAddress rip x httpAddress,Sympathy and support
21532,rt usrId our prayers to all affected by the httpAddress emergency campaign has been set up by usrId #nepal #prayfornepal,Sympathy and support
21540,rt usrId 4 00 lives httpAddress lord in your mercy hear our httpAddress #nepalearthquake,Sympathy and support
21550,my heart is tender 2day D the beautiful nepal amp ; all the people who lost loved ones amp ; are still trapped #prayfornepal httpAddress,Sympathy and support
21555,rt usrId my heart goes out to everyone suffering from the nepal httpAddress god please bring peace to all that you httpAddress f,Sympathy and support
21564,rt usrId my heart breaks for the people of nepal,Sympathy and support
21570,rt usrId thesamacho this world that we live in is broken and httpAddress we need hope #baltimore #nepal so true my friend !,Sympathy and support
21571,rt usrId prayers for the people of nepal and india affected by the httpAddress #god #prayer httpAddress,Sympathy and support
21590,rt usrId all the prayers and thoughts to everyone involved in the tragedy in nepal,Sympathy and support
21592,#nepal #nepalearthquake #prayfornepal by usrId to all those who lost their lives may you httpAddress,Sympathy and support
21593,rt usrId f e for the people of httpAddress,Sympathy and support
21594,be patient my brother #prayfornepal earthquake,Sympathy and support
21597,rt usrId amp ; outside of my home borders i am praying for httpAddress the strength culture amp ; bond of these beautiful people is so as,Sympathy and support
21602,rt usrId join us in sending prayers to nepal after a tragic earthquake hit within the last DD httpAddress httpAddress,Sympathy and support
21609,please pray for humanity amp ; people who died amp ; injured in eartquake in india amp ; in nepal may god protect and bless all human beings amp ; humanity,Sympathy and support
21610,rt usrId we have set up a handle for control room usrId for httpAddress you can tweet to the handle or email controlroom me,Sympathy and support
21614,there are miracles everyday ! #proudofindianforces httpAddress,Sympathy and support
21625,prayers going out to httpAddress,Sympathy and support
21631,rt usrId thank you for the win today httpAddress i also pray for our httpAddress in httpAddress give them strength to overcome this,Sympathy and support
21649,rt usrId pray for the people of nepal who are suffering so httpAddress #nepalearthquake #nepalquake,Sympathy and support
21654,big b expresses shock over nepal quake reminisces mahaan shoot httpAddress httpAddress #onlysalmankhan1,Sympathy and support
21664,rt usrId the elca is already responding for the people of httpAddress read more httpAddress httpAddress #elca,Sympathy and support
21670,us algerians stand with nepal at this tragic httpAddress heart goes out to our nepali httpAddress ya allah be with them .. #prayfornepal 4 f c,Sympathy and support
21672,rt usrId praise report ! our team is on the ground in #nepal ! please pray for them as they begin to httpAddress #nepalquake,Sympathy and support
21678,rt usrId my heart goes out to the people of #nepal after the deadly httpAddress they are in our httpAddress,Sympathy and support
21690,rt usrId catching up on the httpAddress the vids amp ; photos of the aftermath of #nepalearthquake is httpAddress they need our help htt,Sympathy and support
21691,rt usrId please retweet and keep httpAddress any clues please mention me httpAddress #nepalearthquake httpAddress,Sympathy and support
21695,rt usrId us pastor tony miano suggests nepalis should not rebuild their pagan shrines httpAddress bright example of p,Sympathy and support
21700,life is short and httpAddress mother nature have mercy #nepalearthquake,Sympathy and support
21705,my prayers are with all who are suffering #nepalearthquake,Sympathy and support
21708,rt usrId httpAddress how to httpAddress how to httpAddress how to httpAddress from someone whose home was httpAddress httpAddress,Sympathy and support
21711,rt usrId we have contacted baba ramdev in httpAddress he wishes to be there in this hour of httpAddress,Sympathy and support
21729,rt usrId my thoughts and prayers are with everyone affected by the nepal earthquake 4 f b,Sympathy and support
21730,rt usrId sad news about nepal httpAddress hope everyone is okay ! #nepalearthquake,Sympathy and support
21735,rt usrId join us in prayer for httpAddress rename them oaks of righteousness planted by god to display his httpAddress httpAddress,Sympathy and support
21739,rt usrId really vry heart throbbing news of earthquake in httpAddress httpAddress usrId jii bless ol httpAddress #msghelpearthquak,Sympathy and support
21742,#ypg #ypj condolences amp ; #solidarity with victims of #nepalearthquake #rojava #kobane #kurdistan #twitterkurds httpAddress,Sympathy and support
21744,rt usrId my heartfelt condolences to the families who have lost their dear and near ones in the earthquake today in india and n,Sympathy and support
21747,#nepal it is time to thank the tv news channels all the editors and reporters on ground zero amp ; desk continuously giving httpAddress i salute,Sympathy and support
21755,rt usrId mother nature often sends a lesson we d prefer not to have on the value of httpAddress my thoughts and prayers go out to people,Sympathy and support
21763,a deep condolence towards peoples of nepal and india who lost their lives in httpAddress may god gives strengthen to their httpAddress,Sympathy and support
21765,god no more earthquake httpAddress,Sympathy and support
21768,rt usrId prayers go out to everyone in nepal f,Sympathy and support
21773,usrId pray for nepal sad disaster,Sympathy and support
21774,rt usrId my heart goes out to all the families in httpAddress i m praying for you all,Sympathy and support
21778,usrId sorry nepal not japan plz pray for nepal country,Sympathy and support
21779,#gomanny god bless you po #nepalearthquake trust god dont loose hope,Sympathy and support
21787,rt usrId fplease pray amp ; do all you can to help all affected by the #nepalearthquake please take a moment now amp ; pray for hope httpAddress,Sympathy and support
21789,i feel like nepal is part of our own httpAddress such beautiful httpAddress such beautiful httpAddress #wearewithyou #salute2indianforces,Sympathy and support
21790,studios scrutinize disaster film marketing in wake of nepal los angeles ap in light of the nepal httpAddress httpAddress,Sympathy and support
21798,no time to lose global response to nepal quake gears up london ap ? there is still time to save lives ? that s why governments httpAddress,Sympathy and support
21804,rt usrId pray for httpAddress pray for httpAddress pray for the httpAddress pray for the httpAddress pray for your httpAddress pray for,Sympathy and support
21810,emergency gideon bibles rushed to #nepal httpAddress,Sympathy and support
21811,more seriously if i have to pray for anything tonight it s httpAddress httpAddress dadmom are there so i m 200 sending my good wishes httpAddress,Sympathy and support
21812,rt usrId thoughts amp ; prayers with everyone in httpAddress #unicef is on the ground to httpAddress usrId usrId httpAddress,Sympathy and support
21822,buddhists have a prayer for these dark httpAddress i am not one for prayer but today i am praying for httpAddress f httpAddress,Sympathy and support
21823,rt usrId dedicated to #nepalearthquake httpAddress #prayfornepal httpAddress,Sympathy and support
21825,i ve been reading about the people in httpAddress it s very httpAddress,Sympathy and support
21830,lool what if i told you that praying won t help nepal s situation,Sympathy and support
21833,rt usrId he prayed for his life before it httpAddress #nepalearthquake #prayfornepal httpAddress,Sympathy and support
21837,stay strong and see the light httpAddress you are all in my httpAddress #nepal #nepalearthquake,Sympathy and support
21839,rt usrId everyone in kathmandu is just httpAddress what a prolonged test of human spirit this is going to be .,Sympathy and support
21842,rt usrId i am broken for the people of nepal amp ; my friend httpAddress please send your prayers thoughts amp ; love to those who ve httpAddress #ripda,Sympathy and support
21858,rt usrId my heart is breaking as i watch what s happening in baltimore amp ; nepal !,Sympathy and support
21869,pray for everyone in httpAddress #earthquakenepal usrId usrId usrId usrId usrId usrId,Sympathy and support
21871,rt usrId our thoughts amp ; prayers go out to those affected by httpAddress we re working closely httpAddress of nepal to provide assis,Sympathy and support
21874,payussfr remains a beautiful place and always protected them god their country will rise from httpAddress amiin c #prayfornepal,Sympathy and support
21878,rt usrId praying for the people of nepal and every other region affected by such a tragic httpAddress b,Sympathy and support
21893,rt usrId in light of the #earthquake in nepal please #pray and support our emergency appeal httpAddress,Sympathy and support
21896,rt usrId if a soldier says he is not afraid of death he is either lying or he is a httpAddress long live httpAddress httpAddress,Sympathy and support
21899,rt usrId thoughts and prayers going out to #nepal right now,Sympathy and support
21906,rt usrId liking the pm s statement and appreciate his coming on tv to empathize visibly with nepal s httpAddress i support any and eve,Sympathy and support
21914,opposition leader ro teimumu kepa today called on the people of fiji to unite in prayer for the people of httpAddress httpAddress,Sympathy and support
21923,rt usrId some of the beautiful children i met in httpAddress praying for their safety usrId httpAddress,Sympathy and support
21926,usrId tragic thinking of the disaster in the mountains right httpAddress #nepalquake #pttravel,Sympathy and support
21929,its raining httpAddress god show some kindness !! #nepalquake,Sympathy and support
21935,rt usrId exhausted with political paralysis feelings of people in #nepal could turn explosive if rescue amp ; relief efforts,Sympathy and support
21942,usrId pray for nepal usrId usrId,Sympathy and support
21945,rt usrId really proud of the indian govt amp ; indian air force for their all out support to nepal at this hour of grief and httpAddress #n,Sympathy and support
21950,rt usrId it s heartbreaking seeing all these pictures and recognising every place #nepalearthquake,Sympathy and support
21960,rt usrId cs usrId we stand in solidarity with the government amp ; the people of nepal as they grapple with effect of th,Sympathy and support
21974,rt usrId pray for all the people who have been affected by the massive #nepalearthquake #supportnepal httpAddress http,Sympathy and support
21983,recently read the httpAddress it s httpAddress support people in nepal our prayers !,Sympathy and support
21984,rt usrId pray for gaza went on for D days in india while not a whimper of help for hindus suffering from #earthquake in httpAddress httpAddress,Sympathy and support
21985,may almighty allah give strength to people of nepal after #nepalearthquake mka ireland is praying for them and the rescue httpAddress,Sympathy and support
21987,very sad moment for nepal preying for them httpAddress save them,Sympathy and support
21989,rt usrId feeling sad for the beautiful people of httpAddress i pray that they will stay strong and get through httpAddress #nepalearthquake,Sympathy and support
21991,our all nations stand with nepal and indians #nepalearthquake,Sympathy and support
22001,pink mandy moore kevin jonas among celebrities tweeting support after nepal earthquake o httpAddress,Sympathy and support
22004,thoughts and prayers going out to residents of kathmandu and those affected by the quake in nepal httpAddress,Sympathy and support
22007,usrId thanks rv for whatever you did to nepal,Sympathy and support
22010,mukeshsinghani5 rt rachelhunterx 4 love thoughts amp ; prayers #nepal heartbreaking httpAddress,Sympathy and support
22017,rt usrId lord please shower your love comfort and protection on those in nepal through this difficult httpAddress #prayfornepal httpAddress,Sympathy and support
22023,rt usrId you can t help everyone but everyone can help httpAddress f b d happy sunday guys i love httpAddress pls continue to pray for,Sympathy and support
22024,if you can today take a moment of silence to send well wishes to those affected by the earthquake in httpAddress httpAddress,Sympathy and support
22033,#nepalearthquake thoughts and prayers pour in httpAddress,Sympathy and support
22037,rt usrId with love and thoughts for the lives lost and the ones still struggling f #nepal #nepalearthquake #peace #love httpAddress,Sympathy and support
22040,rt usrId alhamdhu lillah our students in nepal are back safe amp ; httpAddress thank u president foreign minister amp ; tourism httpAddress htt,Sympathy and support
22041,rt usrId thoughts with the victims and all those affected by the earthquake in httpAddress tragic httpAddress,Sympathy and support
22044,rt usrId my thoughts and prayers go out to all those affected in httpAddress if you can donate something to help !,Sympathy and support
22046,nepal will rise again httpAddress,Sympathy and support
22060,another useful #facility by #facebook to help people affected by #earthquake #earthquakenepal #disaster httpAddress,Sympathy and support
22071,rt usrId he formed u he made u he will rescue you in jesus s name amen #prayfornepal httpAddress,Sympathy and support
22076,rt usrId sending our prays to the people of nepal a country that has given us the amazing men in the gurkhas #nepalearthquake,Sympathy and support
22082,rt usrId may god be with all the people of nepal at this tough httpAddress such is the fury of nature e #nepalearthquake #staysafe,Sympathy and support
22099,rt usrId prayers for baltimore and nepal,Sympathy and support
22110,heartfelt prayers support and healing love being sent to all in httpAddress httpAddress,Sympathy and support
22111,some good news out of nepal httpAddress sharing a story from our friends at the usrId httpAddress,Sympathy and support
22116,rt usrId my heart goes out for india and nepal . praying for everyone s well being . condolence for departed souls #rip httpAddress,Sympathy and support
22117,ustpac sends our condolences to family and friends of #nepalquake httpAddress how to help in the relief effort usrId httpAddress,Sympathy and support
22119,rt usrId my prayers n heart goes out to all the families in nepal n india who have lost their loved httpAddress bless their soul #nep,Sympathy and support
22124,bollywood celebs pray for safety post nepal earthquake a strong earthquake measuring 7.9 on the richter scale rocked nepal at httpAddress am,Sympathy and support
22148,rt usrId please pray for usrId she s in nepal and they are affected by the httpAddress please pray for her her family and t,Sympathy and support
22152,rt usrId let us come together to pray for those affected by the earthquake in nepal and httpAddress iskcon nepal has set up a rel htt,Sympathy and support
22157,rt usrId let s pray for minimum life loss in #nepalearthquake .,Sympathy and support
22158,rt usrId httpAddress so many httpAddress such httpAddress httpAddress,Sympathy and support
22165,rt usrId heartbreaking to see the devastation in httpAddress,Sympathy and support
22167,facebook safety check lets me check on my nepali httpAddress impressive ! hope nitesh is fine ! #nepalearthquake httpAddress,Sympathy and support
22168,rt usrId pray for httpAddress may god protect httpAddress httpAddress,Sympathy and support
22174,nepal earthquake i just want to cry all i feel is hurt httpAddress,Sympathy and support
22175,hello dear brothers and sisters httpAddress pray for nepal httpAddress,Sympathy and support
22177,pray for nepal and the team with himalayan httpAddress our prayers are with httpAddress om mani padme hum httpAddress,Sympathy and support
22188,rt usrId a pray for nepal by enrico barletta #travel #photography #travelphotography #photooftheday httpAddress,Sympathy and support
22191,rt usrId life is so httpAddress may allah be wid d families who hav lost their loved 1s in nepal n httpAddress httpAddress,Sympathy and support
22199,rt usrId httpAddress please keep us o lord httpAddress my httpAddress httpAddress httpAddress httpAddress . usrId httpAddress,Sympathy and support
22201,rt usrId we can only feel and pray from a distant httpAddress our heart and mind is in httpAddress,Sympathy and support
22202,rt usrId may god bless nepal n save all the souls there who are strugglin for their lives n may the ones who lost their lives ri,Sympathy and support
22204,nepal s earthquake survivors are struggling to mourn the dead former verge reporter greg sandoval has .. httpAddress usrId,Sympathy and support
22218,nepal earthquake situation makes me speechless sushmita sen i know people go on social networks to express their sadness but i httpAddress,Sympathy and support
22222,rt usrId stay strong must be better more than this #prayfornepal httpAddress,Sympathy and support
22227,rt usrId usrId usrId emma can you have a moments silent thought for all in nepal today,Sympathy and support
22229,let s pray for everyone in nepal hope they will find their loved ones lt ;3,Sympathy and support
22233,rt usrId dear god ! please give the people of nepal the courage to deal with this httpAddress dear world ! let s give nepal all the love,Sympathy and support
22235,rt usrId i m praying for the people who were affected by a 7.9 #earthquake in #kathmandu the pictures are really httpAddress httpAddress,Sympathy and support
22236,rt usrId my prayers with all in nepal . hope the earthquake does not leave too many httpAddress prayers w nepal,Sympathy and support
22239,rt usrId president pranab mukherjee speaks to nepal president assures fullest cooperation httpAddress httpAddress,Sympathy and support
22247,hearts go out to the nation of nepal may they find strength and support within each other to overcome tragedy httpAddress,Sympathy and support
22264,rt usrId #uoft extends its condolences to those in httpAddress services are available to students and staff affected httpAddress,Sympathy and support
22268,god bless httpAddress let us pray for the victims of this httpAddress httpAddress,Sympathy and support
22279,rt usrId prayers for nepal and her httpAddress may allah shower his blessings and bring everything back to normality httpAddress httpAddress,Sympathy and support
22280,rt usrId chinese leaders send condolences to nepal over quake rescue team on the httpAddress #nepalquake httpAddress httpAddress,Sympathy and support
22296,rt usrId thoughts and prayers out to the nepal earthquake victims f c #prayfornepal,Sympathy and support
22309,rt usrId my thoughts and prayers go to victims families and friends of the earthquake in httpAddress i am available to httpAddress #prayfornepal,Sympathy and support
22317,usrId httpAddress have those httpAddress our thoughts also with the people of httpAddress,Sympathy and support
22321,rt usrId prayers for the wellbeing of people in httpAddress and other earthquake affected areas #msghelpearthquakevictims,Sympathy and support
22337,faced with the disaster we are httpAddress do hope nepal can get through this earth quake httpAddress cheer up !,Sympathy and support
22338,praying without httpAddress #nepal #florida #africa #israel #whprayer2015 httpAddress,Sympathy and support
22339,a poetic tribute to #nepalquake by our #tumbhiartists httpAddress httpAddress,Sympathy and support
22342,rt usrId #retweet #prayfornepal o god our help is in thy name relieve #nepal by granting them thy httpAddress let them know of thy p,Sympathy and support
22346,rt usrId nepal s pain is our pain pm usrId,Sympathy and support
22347,rt usrId my thoughts and prayers are with the proud brave people of nepal !! such a devastating tragedy !! 4 god bless !!,Sympathy and support
22351,rt usrId what a great show of httpAddress #belfast stands together in vigil for victims of #nepalearthquake httpAddress http,Sympathy and support
22361,we ll all be praying #prayfornepal 0 stay strong and don t give up b f b httpAddress,Sympathy and support
22362,rt usrId f let s #prayfornepal,Sympathy and support
22364,rt usrId happy birthday to our response volunteers nicola hinds amp ; usrId who are in #nepal helping after the #earthquake httpAddress,Sympathy and support
22367,rt usrId thoughts and prayers are with you nepal lt ;3,Sympathy and support
22369,#nepalearthquake we are highly grateful to usrId that he is leading from the front in helping all nepali httpAddress thank httpAddress,Sympathy and support
22371,rt usrId news of #nepal is scary and httpAddress my deepest sympathies and condolences to all who are httpAddress,Sympathy and support
22388,rt usrId one more gospel preacher to nepal httpAddress,Sympathy and support
22391,usrId usrId my heart goes out to both the victims of nepal and lady httpAddress,Sympathy and support
22397,rt usrId please offer prayers to the many effected by the severe earthquake in kathmandu httpAddress rinpoche s family in nepal are,Sympathy and support
22401,rt usrId usrId our thoughts amp ; prayers are with the ppl of nepal f #pray4nepal f httpAddress,Sympathy and support
22407,rt usrId the queen is shocked by appalling loss of life in #nepalearthquake amp ; sends prayers to victims buckingham palace httpAddress,Sympathy and support
22414,rt usrId the situation in nepal is httpAddress if you re able to please give to the dec appeal httpAddress #nepalqu,Sympathy and support
22429,rt usrId my initial thoughts on responding in nepal httpAddress https httpAddresst.co qs4mkndr5b httpAddress cc usrId usrId usrId,Sympathy and support
22433,usrId different school of thoughts #thankyoupm #indiawithnepal httpAddress,Sympathy and support
22439,is everyone is safe my friends who are in nepal or near place ? feeling worried at kalyanpur west httpAddress,Sympathy and support
22446,i wish i can get tasked to help out with the rescue in httpAddress here in qatar praying for the families and httpAddress #nepalearthquake,Sympathy and support
22450,rt usrId earthquake in nepal httpAddress sad httpAddress g usrId helps the earthquake victims httpAddress http,Sympathy and support
22453,heart goes out to the people of nepal !,Sympathy and support
22454,rt usrId my thoughts go out to all those people in #nepal usrId #nepalearthquake #nepalquake httpAddress,Sympathy and support
22462,prayers for httpAddress will come d,Sympathy and support
22465,thoughts and prayers with the good men and women on #vatf1 as they head for httpAddress #safetravels #safework usrId #usar,Sympathy and support
22469,rt usrId may god grant his peace to nepal and protect those who are bringing httpAddress #nepalearthquake httpAddress,Sympathy and support
22474,the diocese of lancaster pope prays for victims of massive earthquake in nepal httpAddress,Sympathy and support
22477,httpAddress leads crowd at st. peter s in praying hail mary for victims of earthquake in httpAddress,Sympathy and support
22484,rt usrId my prayers go out to my friends and people in httpAddress i hope all your loved ones are safe and sound,Sympathy and support
22487,the nightmare is still not over #prayfornepal,Sympathy and support
22490,rt usrId modisarkaar zindabad chants grow loud wid swift response amp ; appreciation 4m all thnks usrId #indiawithnepal httpAddress,Sympathy and support
22492,rt usrId deeply saddened to see the destruction in nepal httpAddress thoughts with usrId and their httpAddress httpAddress,Sympathy and support
22495,it s shaking again amp ; httpAddress save us mother httpAddress pray for #nepal #earthquake #earthquake2015 #end seems near #screamnshout 6.5 rectare !,Sympathy and support
22498,thoughts amp ; prayers with all those in #nepal after the #nepalearthquake . lady b,Sympathy and support
22500,until you are affected personally by a disaster you will not truly realize the harm it httpAddress i m so thankful my friend is alright #nepal,Sympathy and support
22507,rt usrId pray for nepal usrId usrIdid usrIdgrt usrIdbdg usrId usrId httpAddress,Sympathy and support
22521,rt usrId my thoughts and prayers go out to those who lost their lives and have much to recover from as a result of the earthquake #n,Sympathy and support
22532,so devastating to hear what happened in nepal ; my prayers go out to all who were affected from the earthquake amp ; may many rest in httpAddress,Sympathy and support
22535,httpAddress we are lighting candles httpAddress please take a little time off from your daily httpAddress,Sympathy and support
22537,rt usrId prayers are with the people of nepal who got affected by httpAddress #pakstandswithnepal,Sympathy and support
22538,rt usrId we know u won t let our hopes and heads httpAddress #thankyoupm #saviourpm #indiawithnepal #nepalearthquake httpAddress,Sympathy and support
22553,rt usrId my heart going out to the people of nepal right now so sad e e,Sympathy and support
22564,we need to pray for this world where we live httpAddress want any situation like httpAddress is agree with httpAddress,Sympathy and support
22565,rt usrId small mercies #nepalquake not on school day not on office day not at httpAddress it s not a lot but i ll take it .,Sympathy and support
22566,rt usrId our hearts go out to everyone in httpAddress until may 4th all profits from nepal black tea will be donated to help fund recove,Sympathy and support
22580,rt usrId our prayers are with people in httpAddress here are details of doctors in the area httpAddress #earthquake,Sympathy and support
22581,please pray and support the people of nepal httpAddress #nepalearthquake #prayfornepal,Sympathy and support
22582,was eager to plan a holiday trip to nepal httpAddress shocked to see the current state of the beautiful httpAddress god will have mercy f b,Sympathy and support
22586,rt usrId pray for nepal amp ; save mary jane httpAddress lord please guide them with youre strengh and httpAddress please be with httpAddress in,Sympathy and support
22588,rt usrId thoughts amp ; prayers with nepal amp ; the nepali httpAddress #nepalearthquake #staystrong #prayfornepal httpAddress,Sympathy and support
22597,rt usrId shocking news of the #earthquake from httpAddress praying for the safety of all affected,Sympathy and support
22602,rt usrId sending all the love to those affected by the 7.9 earthquake that hit nepal httpAddress #earthquake #nepalquake,Sympathy and support
22606,rt usrId 100 00 monks in prayer after the nepal httpAddress httpAddress,Sympathy and support
22613,rt usrId some pictures leave us httpAddress work #miracle httpAddress little angel saved ! #nepalquakerelief httpAddress,Sympathy and support
22615,we youth of biratnagar are standby for any need #quakenepal usrId httpAddress,Sympathy and support
22616,rt usrId icymi two ntu students share experiences of sleeping on streets in aftermath of #nepalquake httpAddress httpAddress,Sympathy and support
22624,rt usrId pray for the people of httpAddress too many lost lives na .,Sympathy and support
22626,rt usrId #prayfornepal httpAddress httpAddress por httpAddress usrId usrId usrId httpAddress,Sympathy and support
22633,rt usrId may the lord bless everybdy in nepal to go through this rough httpAddress hope every nation comes wit aid !! god bless every s,Sympathy and support
22634,#nepalearthquake my friend usrId is in nepal i can only pray she is safe amp ; httpAddress also anxious to hear news from usrId,Sympathy and support
22635,rt usrId prayers for all struck by the nepal httpAddress fury is httpAddress emergency contacts #silentprayer http,Sympathy and support
22636,rt usrId blessings up to those in nepal right httpAddress this is a straight up httpAddress,Sympathy and support
22642,my prayers are with nepal and its httpAddress,Sympathy and support
22644,let s remember to keep nepal in our prayers as well httpAddress,Sympathy and support
22645,just saw what happened in httpAddress my love and prayers go out to the people who didn t survive and their httpAddress #prayingfornepal f f,Sympathy and support
22653,damn this earthquake in nepal is httpAddress,Sympathy and support
22657,let s be strong to rebuild our identity ourselves httpAddress #prayfornepal #nepalearthquake,Sympathy and support
22659,rt usrId please join us in #prayers for #nepal for the bereaved families of those who are killed and httpAddress httpAddress,Sympathy and support
22669,rt usrId oh allah you are most forgiving amp ; you love to forgive so forgive us f #nepalearthquake #prayfornepal httpAddress,Sympathy and support
22670,my heart goes out to all the people effected by the earthquake in httpAddress was literally awful e 4,Sympathy and support
22675,rt usrId over DD aftershocks hit nepal over two httpAddress players to god no more #earthquakeagain httpAddress,Sympathy and support
22688,rt usrId before and after of httpAddress pray for httpAddress #nepalquake #earthquake httpAddress,Sympathy and support
22698,rt usrId quake toll rises in nepal as pope francis offers prayers for victims httpAddress httpAddress,Sympathy and support
22704,rt usrId thought are with people of nepal,Sympathy and support
22705,httpAddress praying for the people affected by the massive earthquake in #nepal 4 c,Sympathy and support
22707,#teamyamita reporter s notebook grace and hope found amid the destruction of nepal httpAddress httpAddress unete a #teamyamita,Sympathy and support
22710,rt usrId pray for httpAddress,Sympathy and support
22713,its time to reinforce our rltns with nepal stand by their side lets use our exprince in kashmir yemen and utrkhnd go usrId usrId,Sympathy and support
22725,rt usrId in this horrible situation in nepal our god usrId can help pita ji they really need your simpathy #msghelpearth,Sympathy and support
22729,deepest condolences for those whose near one passed in nepal disaster,Sympathy and support
22733,rt usrId a heart full of condolences amp ; lips worded with prayers for the #earthquakeaffected in httpAddress there b light httpAddress http,Sympathy and support
