19726,rt usrId govt asks media houses to exercise restraint while speculating about possible aftershocks after the devastating quake in nepa,Other Useful Information
19734,usrId live from airport kathmandu 19 03hrs in conversation with aok in studios httpAddress,Other Useful Information
19742,nepal #earthquake climber captures mount #everest #avalanche #c4news httpAddress,Other Useful Information
19746,rt usrId want to help #nepal recover from the quake ? cancel its debt httpAddress #nepalearthquake httpAddress,Other Useful Information
19751,rt usrId a storm system is about to move through #kathmandu over the next few httpAddress rain strong winds lightning httpAddress httpAddress,Other Useful Information
19755,rfi khmer radio nepal earthquake 5days after httpAddress via usrId,Other Useful Information
19763,rt usrId nepal earthquake pushed part of india a few feet northward httpAddress,Other Useful Information
19766,rt usrId experts had warned for decades that nepal was vulnerable to a killer quake httpAddress,Other Useful Information
19770,rt usrId breakdown in communications hampering response effort #nepalearthquake httpAddress,Other Useful Information
19774,rt usrId this is what hindu nation nepal got from pakistan as a relief httpAddress #filthyislam httpAddress,Other Useful Information
19776,rt usrId pak insulted hinduism httpAddress buddhism culture of nepal if pak don t want to help its ok but don t spoil spirituality n beliefs,Other Useful Information
19777,rt usrId we are responding to httpAddress usrId worker with a little girl in need of temporary shelter in #kathmandu httpAddress,Other Useful Information
19786,rt usrId quake terror it s still shaking nepal rocked temors felt in india and bangladesh httpAddress httpAddress,Other Useful Information
19787,rt usrId reached #kathmandu after a 9 hr httpAddress lobby hotel yak n yeti . no one wants sleep in the httpAddress #aftershocks nepal httpAddress,Other Useful Information
19788,rt usrId nepal httpAddress foreign ministry reports number of israelis who have yet to make contact following massive earthquake is dow,Other Useful Information
19799,nepal receives heavy rainfall #nepalearthquake httpAddress,Other Useful Information
19800,usrId so what about #earthquakenepal,Other Useful Information
19806,rt usrId mea has set up a dedicated handle httpAddress pls httpAddress #nepalquake httpAddress,Other Useful Information
19818,better disaster management needed at sonar fort experts vimal bhatia the natural calamity in nepal raises .. httpAddress,Other Useful Information
19825,rt usrId #earthquake latest image of indian aircraft leaving for #nepal from hindon httpAddress #nepalquakerelief httpAddress,Other Useful Information
19827,rt usrId how many team send by usrId usrId ford found greenpeace for rescue op nepal #meaatwork #indiawithnepal httpAddress,Other Useful Information
19831,earth quake in httpAddress what can we do ? #nepalearthquake #nepalquake please rt #earthquake httpAddress,Other Useful Information
19836,rt usrId kathmandu airport is out of parking httpAddress 15 flights holding amp ; waiting for their turn httpAddress httpAddress,Other Useful Information
19854,rt usrId heavy equipment could not fit through many of the narrow streets of kathmandu #directorgeneral #ndrf #opsingh,Other Useful Information
19867,rt usrId pak amp ; nepal share a strong bilateral httpAddress amp ; efforts must continue to be made to assist the victims of this unfortunate,Other Useful Information
19868,rt usrId same bureaucracy relief tms bt diffrnt httpAddress is nt a cmparisn bt evaluation f disastr mngemnt #nepalearthquake httpAddress,Other Useful Information
19870,the latest on nepal quake reconstruction cost 5 billion #sanfrancisco httpAddress,Other Useful Information
19871,rt usrId mea opens DD hour control room for queries regarding tragic httpAddress numbers #earthquake httpAddress,Other Useful Information
19873,rt usrId gallery for nepal curious animal magazine httpAddress,Other Useful Information
19875,rt usrId india s defence ministry tweets pictures of aid operation to help victims of nepal earthquake httpAddress httpAddress,Other Useful Information
19876,scripps is gearing up to send highly trained medical response team to nepal httpAddress httpAddress,Other Useful Information
19879,cnn httpAddress quake hits nepal near kathmandu httpAddress,Other Useful Information
19892,rt usrId reporters if you need stories from the ground from nepal feel free to reach httpAddress #nepalearthquake #nepal #nepalquake,Other Useful Information
19899,bbc news sentinel satellite reveals nepal quake movement httpAddress,Other Useful Information
19904,rt usrId nepal folks i m looking for a stringer to work with our httpAddress phones not working please email me at httpAddress,Other Useful Information
19915,rt usrId at least DD indians reach raxaul in bihar from earthquake hit nepal #msghelpearthquakevictims,Other Useful Information
19916,#fox nightmare waiting to happen experts gathered in nepal a week ago to ready for earthquake nepal s httpAddress httpAddress,Other Useful Information
19917,nepal mission departs this is what the idf stands for usrId httpAddress,Other Useful Information
19918,rt usrId #nepal s prime minister addressed the country for 1st time since earthquake on httpAddress no concrete plans lots of referen,Other Useful Information
19923,rt usrId in the aftermath of the #nepalquake people camp in any space they httpAddress help #wfp respond httpAddress httpAddress,Other Useful Information
19927,rt usrId just heard about fire in devchuli httpAddress suspect of httpAddress furter clarification will be made httpAddress source kalik,Other Useful Information
19928,rt usrId the nepal earthquake is thought to be worst since httpAddress this is what happened httpAddress httpAddress httpAddress,Other Useful Information
19929,rt usrId un says the #nepalearthquake has affected 8mill httpAddress usrId is in #kathmandu httpAddress via usrId,Other Useful Information
19930,as a mark of solidarity to our guests and colleagues at hyatt regency kathmandu and the kingdom of nepal we httpAddress httpAddress,Other Useful Information
19935,nightmare waiting to happen quake experts gathered in nepal a week ago httpAddress,Other Useful Information
19954,usrId complain about how there is no coverage on what s happening in nepal i m gonna be httpAddress httpAddress,Other Useful Information
19958,rt usrId just in fresh tremor of magnitude 5.1 felt in nepal and india people rush out of their httpAddress,Other Useful Information
19962,rt usrId a major earthquake was the last thing nepal httpAddress initial damage estimate 5b httpAddress,Other Useful Information
19970,rt usrId in response to the earthquake in nepal we have switched off viber out billing so nepal users can call any destination for free,Other Useful Information
19971,#nepalquakerelief are there centers open already in san francisco new york dc ?,Other Useful Information
19980,rt usrId #bhutan s aid commitment to #nepal same as the us and google usd httpAddress httpAddress,Other Useful Information
19985,rt usrId bbc taking their fancy helicopters into nepal to talk about how everyone s dying but help no one,Other Useful Information
19987,rt usrId nepal eq was caused by tectonic plate httpAddress landsat scene includes the india bottom and eurasian httpAddress httpAddress,Other Useful Information
19989,rt usrId weird putting things in perspective when the news goes from basically race riots in the us to almost DD dead in nepal fr,Other Useful Information
20020,rt usrId nepalese civil society is by far the biggest responder in #nepalearthquake but once again largely ignored by internationa,Other Useful Information
20021,rt usrId jong reminded about sewol tragedy key posted about earthquake in nepal how proud i am with the boys lt ;3,Other Useful Information
20023,rt usrId #msghelpearthquakevictims indian prime minister narendra modi has ordered an immediate dispatch of relief and medical teams,Other Useful Information
20024,earthquake in nepal kills hundreds and levels buildings new york times httpAddress,Other Useful Information
20028,whatsapp working on stopping rumor mongers from spreading rumors by filtering such messaeges related #nepalearthquake beware don t sprd rumr,Other Useful Information
20030,again aftershock ! was it aftershock or really an earthquale ? #nepalquake,Other Useful Information
20031,rt usrId northmenpk #everest base camp after httpAddress #nepalquake httpAddress usrId usrId,Other Useful Information
20035,rt usrId emergency contact numbers for httpAddress spread the word guys httpAddress httpAddress,Other Useful Information
20049,usrId powerful 6.7 aftershock hits kathmandu mount everest a powerful magnitude 6.7 httpAddress httpAddress #socialmedia,Other Useful Information
20057,rt usrId kudos indianarmy rss swamiramdev nd #meaatwork all of prove #indiawithnepal httpAddress,Other Useful Information
20061,update from usrId from #nepal for #nepalearthquake httpAddress #sms is live ncell DD or ntc DD,Other Useful Information
20066,time for political parties deploy their cadre in disaster relief amp ; show humanity #nepalearthquake usrId usrId usrId,Other Useful Information
20070,nepal s airport reopens fr rescue httpAddress thank god .. #nepalearthquake #nepalquakerelief,Other Useful Information
20073,rt usrId the earthquake in nepal is httpAddress starting today all calls and texts to nepal are free of charge on httpAddress http,Other Useful Information
20080,rt usrId #nepalearthquake round the clock control room of indian consulate in birgunj active with following numbers 977 51 532244,Other Useful Information
20082,rt usrId pl rt indian embassy in kathmandu helplines httpAddress 977 9851107021 DD,Other Useful Information
20083,rt usrId here s my ground report on #ndrf rescue operations in httpAddress do see the excellent work our teams are doing httpAddress,Other Useful Information
20085,ihh search and rescue team has begun work in earthquake hit httpAddress httpAddress,Other Useful Information
20089,rt usrId sad ! appalling ! disgraceful !! #missionaries trying to harvest souls even in such tragic times of #nepalearthquake httpAddress,Other Useful Information
20092,rt usrId devastating aftermath of #nepalearthquake laid bare in before and after sliders httpAddress httpAddress,Other Useful Information
20096,usrId most nepal troops in quake effort,Other Useful Information
20097,rt usrId everyone trying to call #nepal please use viber whatsapp and text httpAddress calling landline is creating congestion not,Other Useful Information
20115,rt usrId DD thing about why earth quak come in nepal click httpAddress httpAddress,Other Useful Information
20116,rt usrId our team has landed in #nepal amp ; is assessing httpAddress we are determined to assist people affected by the httpAddress h,Other Useful Information
20123,israel an early responder to nepal earthquake washington free beacon httpAddress,Other Useful Information
20130,quick comparison with seismic prediction looks good no surface slip rupture to east 1 m max surface displacement httpAddress,Other Useful Information
20139,rt usrId a minute s silence is observed in memory of the victims of the earthquake in nepal #fcbgetafe #fcblive,Other Useful Information
20144,rt usrId watch aerial footage from the gorkha district the epicenter of the nepal earthquake httpAddress,Other Useful Information
20145,rt usrId delegation incl seema malhotra mp came to see off our #medical team at heathrow tonight on their way to kathmandu http,Other Useful Information
20146,#earthquake #sismo m 4.2 35km se of lamjung nepal dyfi ? iitime2015 04 30 00 37 11 utc2015 04 30 httpAddress httpAddress,Other Useful Information
20162,breaking 6.9 earthquake epicenter in nepal ; fresh tremors felt across ncr and north india as well #nepalquake,Other Useful Information
20168,rt maxamed mohabig let me look for some drone footage of httpAddress,Other Useful Information
20169,rt usrId there are well documented risks for relief workers affected populations in the aftermath of natural disasters like #nepalearthqua,Other Useful Information
20170,DD aftershocks have rattled nepal since massive earthquake httpAddress,Other Useful Information
20171,facebook safety check connects those affected by devastating nepal earthquake as nepal exp httpAddress,Other Useful Information
20172,rt usrId pashupatinath temple is the holiest hindu pilgrimage destination in nepal is a world heritage httpAddress ad 400 ad httpAddress http,Other Useful Information
20175,usrId usrId can you issue a list of people who have landed in india from nepal,Other Useful Information
20176,rt usrId httpAddress lives may have been saved if #nepal govt prepared people instead of funding animal sacrifice #gadhimai ht,Other Useful Information
20177,rt usrId killing in #gaza saving in #nepal #israel s moral hypocrisy gideon levy httpAddress httpAddress,Other Useful Information
20178,rt usrId this amazing woman tells me she lost everything in the earthquake and then offers me httpAddress httpAddress #nepal #3news h,Other Useful Information
20182,shaken to the core the earthquake in nepal is sunday s top story with the papers highlighting missing httpAddress httpAddress,Other Useful Information
20187,displaced nepal quake survivor aftermath a living hell amid fears of disease spreading in kathmandu httpAddress httpAddress,Other Useful Information
20191,rt usrId massive earthquake in nepal ; tremors felt across north india httpAddress,Other Useful Information
20193,report from ground zero in nepal by bipin kumar singh httpAddress,Other Useful Information
20194,all this coverage on the rioting that is going on but not much on the earthquake in httpAddress lets cover something actually meaningful for once,Other Useful Information
20206,rt usrId aid india at chennai will run temporary collection centre for usrId for #nepalquakerelief details httpAddress,Other Useful Information
20208,rt usrId bollywood #adarshliberal can bark only on #beefban amp ; gaza but no words for #nepalearthquake httpAddress bloody httpAddress #th,Other Useful Information
20214,live earthquake in nepal north india day 5,Other Useful Information
20215,photo nepal s government ill equipped to handle earthquake disaster nepal earthquake httpAddress httpAddress,Other Useful Information
20217,israel s aid team to nepal larger than any other country s httpAddress,Other Useful Information
20219,rt usrId D paf c 130 aircrafts carrying relief supplies reach quake hit #nepal httpAddress,Other Useful Information
20225,earthquake has shifted kathmandu DD feet closer to india away from httpAddress it was god s punishment to nepal for cosying up to china ?,Other Useful Information
20226,rt usrId the script apoiam o nepal httpAddress via usrId,Other Useful Information
20228,rt usrId if you re using the #nepalearthquake as a religious conversion opportunity congratulations on climbing the mt . everest,Other Useful Information
20238,rt usrId httpAddress the army has provided free dedicated phone exchanges for its gurkha soldiers who want to speak to their families in n,Other Useful Information
20242,rt usrId rain stops rescue operations resume in httpAddress #nepalearthquake,Other Useful Information
20251,usrId we will be posting relief jobs soon for the #nepal httpAddress once they re up read more and apply if qualified !,Other Useful Information
20252,less focus on baltimore and more on httpAddress,Other Useful Information
20266,rt usrId nepal earthquake losses could top 2 billion ; little insurance coverage httpAddress,Other Useful Information
20268,ishaantharoor nepal s other disaster its politics httpAddress httpAddress,Other Useful Information
20272,emergency contact details for #expats in #nepal angloinfo world #expat life httpAddress usrId,Other Useful Information
20275,rt usrId in the name of #nepalquakerelief pakistan sending beef masala to httpAddress that s a big news being circulated in indian m,Other Useful Information
20280,firstpost strong tremors felt across north india as earthquake of magnitude 7.5 hits nepal httpAddress httpAddress,Other Useful Information
20282,air india resumes flights to nepal national carrier air india resumed its flights to quake hit nepal with two services one each httpAddress,Other Useful Information
20284,rt usrId this #amul ad of himalayan tragedy is very thoughful #nepalearthquake httpAddress,Other Useful Information
20300,nepal hits me at home man,Other Useful Information
20309,rt usrId now that s anti israel bias usrId executive director usrId used #nepal quake to criticize israel for helping ! httpAddress,Other Useful Information
20312,rt usrId nepal pm slams church missionaries for sending plane full of bibles httpAddress #nepalearthquake #fraudaap ngos,Other Useful Information
20313,there s civil httpAddress in baltimore and a horrible disaster in nepal and all the media cares about is a transgender republican a,Other Useful Information
20314,rt usrId fm dunya personally received the maldivians who arrived last night on maldivian flight from dhaka #nepalquake httpAddress,Other Useful Information
20315,shelter dogs now helping save lives in nepal following earthquake httpAddress,Other Useful Information
20320,rt usrId children after nepal earthquake scared won t let go of httpAddress it s freezing need shelter httpAddress htt,Other Useful Information
20321,rt usrId few months ago modi said that nepal is like india s extended family and today his actions are speaking louder than his words,Other Useful Information
20329,deadly earthquake in nepal httpAddress,Other Useful Information
20341,a 10 year old s view of the nepal earthquake it would be so much more convenient if the earthquake would httpAddress httpAddress,Other Useful Information
20346,rt usrId example of a typical muslim usrId says nepal s earthquake is allah s punishment to httpAddress httpAddress,Other Useful Information
20348,rt usrId nepal xtian missionaries they r going to use this earthquake to convert #nepalearthquake #nepal #nepalquakerelief http,Other Useful Information
20351,rt usrId jamie mcgoldrick head of usrId usrId speaks to usrId usrId usrId on #nepalquake httpAddress,Other Useful Information
20355,nepal earthquake baltimore riots kids asking stephen hawking about one httpAddress news today is overwhelmingly sad,Other Useful Information
20364,rt usrId httpAddress pak also owes nepal and whole world how dare they raise their flag on rescue mission ? httpAddress,Other Useful Information
20374,china rushes aid to nepal ; taiwan is turned away httpAddress,Other Useful Information
20392,rt usrId new crisis page on hdx #nepalearthquake usrId httpAddress httpAddress usrId usrId usrId,Other Useful Information
20393,rt usrId we cannot prevent natural disasters but we can prevent httpAddress gorkhas died for india now our turn to help nepal bou,Other Useful Information
20406,rt usrId usgs reports a httpAddress #earthquake 29km ese of lamjung nepal on httpAddress 12 44 04 utc httpAddress #quake,Other Useful Information
20415,rt usrId D london firefighters have been deployed to #nepal as part of the #earthquake rescue effort httpAddress httpAddress,Other Useful Information
20419,what did people think caused earthquakes back in ancient times ? httpAddress #nepalearthquake #earthquakes #myths,Other Useful Information
20428,rt usrId #nepalearthquake your help can make a difference ! assist usrId amp ; usrId httpAddress #maps httpAddress http,Other Useful Information
20439,rt usrId hindus amp ; buddhists in #nepal never attacked httpAddress still filthy #pak humiliating them for spreading islam during traged,Other Useful Information
20443,dear bhakts nepal is not just a tragedy struck nation but also a cushion between india and china,Other Useful Information
20449,#nepalearthquake list of places to get food amp ; shelter in #kathmandu usrId usrId usrId usrId httpAddress,Other Useful Information
20451,rt usrId bad weather slow government response hampers #nepalearthquake #relief efforts in gorkha httpAddress httpAddress,Other Useful Information
20452,nepal earthquake authorities struggle to cope despite international aid efforts httpAddress #wnn7,Other Useful Information
20453,rt usrId a total of DD ndrf teams currently operating in httpAddress more teams being readied for deployment mea,Other Useful Information
20454,DD helicopters D from india involved in rescue across httpAddress D more helicopters expected from httpAddress,Other Useful Information
20457,rt usrId avalanche like 50 storey building of white everest #nepalquake survivors describe ordeal httpAddress httpAddress,Other Useful Information
20467,#youtube nepal earthquake DD shocking pictures summarising the tragedy httpAddress,Other Useful Information
20469,in kathmandu valley quake hit nepalis fend for themselves by ross adkin dhading nepal reuters barely httpAddress httpAddress,Other Useful Information
20472,rt usrId httpAddress #nepalearthquake nepal earthquake villages near nepal earthquake s epicenter are desperate as de,Other Useful Information
20475,quick news is low self control a threat to security ? city of kathmandu shifted DD feet by earthquake httpAddress httpAddress,Other Useful Information
20484,usrId usrId is there prediction for aftershock in httpAddress my relative is in birgunj border of httpAddress,Other Useful Information
20492,rt usrId dear usrId pls announce complete rehabilitation in nepal by httpAddress let the world know we take complete responsibil,Other Useful Information
20493,rt usrId usrId ms. basu nepal is not a hell even after the earthquake !! it s a natural disaster ! #cnn #nepalearthquake http,Other Useful Information
20496,nepal earthquake explained prediction of a more lethal one in near future video #nepal #earthquake httpAddress,Other Useful Information
20500,#nepal #rescue nepal earthquake crews race to rescue climbers on mount httpAddress #news #climb httpAddress,Other Useful Information
20505,rt usrId unosat #rapidmapping service activated for #nepalearthquake usrId usrId usrId usrId usrId usrId,Other Useful Information
20510,nepal earthquake DD httpAddress via usrId,Other Useful Information
20511,day 4 14 foll a disaster like #nepalearthquake are crucial for medical teams to provide live saving trauma care to those httpAddress injuries usrId,Other Useful Information
20514,rt usrId source money minded commercial flights to kathmandu one of the reasons for relief flights being diverted or httpAddress #nepalea,Other Useful Information
20520,httpAddress leading eng news paper of httpAddress attitude after the darkness there will be httpAddress,Other Useful Information
20528,rt usrId thank you usrId for being very effective and sensitive in responding with total sense of urgency and concern in sendi,Other Useful Information
20533,rt usrId #nepalquake how india and china vie for influence httpAddress via usrId httpAddress,Other Useful Information
20534,rt usrId major quake in nepal httpAddress,Other Useful Information
20535,rt usrId we have mobilised all resources to support nepal in the wake of devastating earthquake defence minister manohar parrikar pt,Other Useful Information
20539,usrId i m comparing the amount we re spending on nuclear weapons amp ; the amount we re spending on foreign httpAddress nepal httpAddress of httpAddress,Other Useful Information
20547,nepal earthquake she was my everything says a distraught father as he watched nepalese police rescuers httpAddress httpAddress,Other Useful Information
20557,rt usrId india s response was like extending blank cheque says #nepal my pm is full of love never lose faith in him,Other Useful Information
20563,nepal earthquake model pooja missra was in kathmandu is grateful to be alive it was like httpAddress it looked like a refugee camp ..,Other Useful Information
20568,nepal airport provides shelter relief and treatment httpAddress #news #usa,Other Useful Information
20570,usrId httpAddress really interesting read in light of the horrific nepal httpAddress,Other Useful Information
20573,rt usrId httpAddress nepal earthquake mount everest avalanche wounded get rescue choppers #nepalearthquake DD http,Other Useful Information
20578,powerful aftershock jars katmandu ; nepal quake toll rises a magnitude 6.7 aftershock rumbled katmandu and sent httpAddress,Other Useful Information
20584,#retweet national reconstruction in nepal requires a constitution and local elections economic times blog httpAddress,Other Useful Information
20586,rt usrId spoke to pm sushil koirala who is in transit in bangkok on his way to httpAddress assured all support amp ; assistance during,Other Useful Information
20587,devastation and resilience after the #nepalearthquake captured by usrId over D days httpAddress httpAddress,Other Useful Information
20591,rt usrId #nepalquake let it be known that india is helping all says cabinet secretary httpAddress httpAddress,Other Useful Information
20594,rt usrId scientists knew the tragic #nepalquake was coming eventually httpAddress,Other Useful Information
20597,rt usrId nepal 7.9 earthquake hits populated kathmandu valley a powerful httpAddress earthquake shook nepal s capital httpAddress,Other Useful Information
20601,rt usrId fearing for their families after the nepal earthquake thousands return to isolated villages httpAddress httpAddress,Other Useful Information
20607,rt usrId #nepalquake #tips expect httpAddress usually less violent than main quake they can do additional damage to weakened structur,Other Useful Information
20612,usrId my email is httpAddress shoot me an email and i will update you on how we are helping in nepal,Other Useful Information
20616,rt usrId army sends back nepali gorkha soldiers to check on home amp ; help maj gen ranbir singh addl dir gen mil ops httpAddress,Other Useful Information
20617,rt usrId with road becoming operational buses are being organized httpAddress kathmandu gorakhpur and raxaul #nepalquake httpAddress,Other Useful Information
20619,idaho natives in nepal reassure relatives in wake of earthquake httpAddress,Other Useful Information
20622,rt usrId scheuerjo usrId millions of lives and livelihoods affected by #nepalearthquake #disaster httpAddress,Other Useful Information
20627,rt usrId china rescue team leaves for #nepal expected to arrive in katmandu midday httpAddress #earthquake httpAddress httpAddress,Other Useful Information
20629,empirical law based on past earthquake sequences would predict largest aftershock of nepal quake to be httpAddress magnitude of today s httpAddress,Other Useful Information
20634,rt usrId a climber on mount everest captured a video of the moment an avalanche struck after the earthquake in nepal httpAddress,Other Useful Information
20637,#earthquake nepal news release operation usa to aid recovery efforts in nepal following httpAddress httpAddress #crisismanagement,Other Useful Information
20641,rt usrId D commercial flights have landed in kathmandu this httpAddress weather prediction is httpAddress more rainfall httpAddress st,Other Useful Information
20651,s . korea raises travel advisory for quake hit nepal httpAddress,Other Useful Information
20656,britons caught up in nepal disaster httpAddress,Other Useful Information
20658,frustration grows in nepal as earthquake relief trickles in httpAddress,Other Useful Information
20663,hey new tweet from httpAddress it s about httpAddress full details httpAddress httpAddress http httpAddresshttpAddresst . cohttpAddress1kldgfosfr,Other Useful Information
20665,rt usrId effects of earthquake devastating says deanery of nepal httpAddress #anglicancommunion usrId httpAddress,Other Useful Information
20672,new york timesnepal terrorized by aftershocks that stymie relief effortsnew york timeskatmandu nepal a httpAddress httpAddress,Other Useful Information
20673,rt usrId starts to rain in httpAddress rescue operations httpAddress officials fear wet bodies will start rotting httpAddress fear of m,Other Useful Information
20675,yare more aftershocks jolt nepal as rains hamper aid workers hindustan times hindustan timesmore httpAddress httpAddress yare,Other Useful Information
20677,rt usrId nepal earthquake include persons with disabilities in emergency humanitarian efforts httpAddress,Other Useful Information
20680,rt usrId #500px nepal by 77em httpAddress,Other Useful Information
20692,usrId httpAddress i guess all those christian missions to nepal are to protect 7 11 s himlayan httpAddress,Other Useful Information
20696,rt usrId #thanks #bhutan s team boarding flight at paro for httpAddress #nepalquake photo via usrId httpAddress,Other Useful Information
20698,rt usrId the nepal earthquake touched off an avalanche on mount everest causing injuries and deaths httpAddress httpAddress,Other Useful Information
20699,rt usrId today in kathmandu httpAddress,Other Useful Information
20701,rt usrId spoke to maharashtra health minister usrId who informed me that DD doctors have been sent via httpAddress to #nepal la,Other Useful Information
20707,hey usrId no one cares about bruce httpAddress show news about #nepal something that actually has httpAddress #pissed,Other Useful Information
20712,agree divert our indo foreign aid to httpAddress indo too corrupt and primitive to use it wisely they don t deserve it #bali9,Other Useful Information
20713,rt usrId japanese team joins rescue effort at darbar square #nepalearthquake httpAddress,Other Useful Information
20720,nepal s hospitals are so overwhelmed cnn reporter amp ; surgeon drsanjaygupta stepped into help httpAddress httpAddress,Other Useful Information
20723,rt usrId so proud of our goverment armed forces air forces n each n evryone who is helping peoples who affected for their efforts,Other Useful Information
20728,rt usrId bigger earthquake coming on nepal s terrifying faults httpAddress via usrId httpAddress,Other Useful Information
20730,how to call nepal for free on viber 1 dial the number in keypad with code 977or 2 select viber out from contact page,Other Useful Information
20743,rt usrId #nepalearthquake updates httpAddress,Other Useful Information
20757,climbers describe mayhem on mount everest after nepal earthquake by nida najar via nyt httpAddress,Other Useful Information
20758,rt usrId the nepal earthquake is such a catastrophic event because it s a 3rd world country with low economic capabilities and life,Other Useful Information
20765,so sad that there are places destroyed because of natural disaster and other places destroyed by its own people #prayfornepal #notbaltimore,Other Useful Information
20769,ancient collision made nepal quake inevitable httpAddress,Other Useful Information
20770,landslides shortages hinder rescues as nepal quake toll rises officials in nepal say the death toll from httpAddress httpAddress,Other Useful Information
20772,#nepalquakerelief serious logistical httpAddress ineffectiveness of the government and dirty politics c k lal next httpAddress,Other Useful Information
20788,rt usrId if you re worried about loved ones in nepal this app could help httpAddress,Other Useful Information
20800,rt usrId they re living in makeshift tents they don t have clean water amp ; food is httpAddress usrId #nepal #nepalquake,Other Useful Information
20801,rt usrId just heard that sindhuli school is httpAddress now only waiting to hear about gorkha httpAddress httpAddress,Other Useful Information
20807,rt usrId smiley kazaal one more time quake of 6.6 in biratnagar nepal had injury in head and httpAddress please save us usrId,Other Useful Information
20809,rt usrId 6.7 earthquake epicenter in httpAddress tremors felt across northern httpAddress,Other Useful Information
20812,usrId usrId usrId is this rahul bhajan in response to nepal earthquake ?,Other Useful Information
20819,rt usrId 3 idea has made calls to nepal one rupee per minute from rs httpAddress per httpAddress,Other Useful Information
20821,rt usrId florida state experts available to comment on nepal earthquake the 7.9 magnitude earthquake that hit nepal httpAddress httpAddress,Other Useful Information
20822,americans desperately wait for word from nepal the catastrophic earthquake over the weekend took out power and phone service for httpAddress,Other Useful Information
20823,usrId latest on dhading httpAddress rural nepal httpAddress #nepalquakerelief httpAddress,Other Useful Information
20831,there was an earthquake greater than m6 ! mw 6.8 nepal httpAddress,Other Useful Information
20832,rt usrId why wait a whole year to have the one year later debate about nepal ? open letter to the media re nepal earthquake httpAddress,Other Useful Information
20837,update on the #nepalearthquake all of the children and staff at ama ghar are httpAddress,Other Useful Information
20846,rt usrId missionaries disgusting role in nepal is pouring very sad di is hour to rise above al sectarian httpAddress,Other Useful Information
20855,rt usrId rain stopped stars visible calm 14c dogs bark jets flying kathmandu is sleeping after DD hours httpAddress hope it s httpAddress,Other Useful Information
20882,rt usrId why is the top trend #thankyoupm ? this story is first about nepal and it s grieving people isn t it ? #nepalquake,Other Useful Information
20883,rt usrId usrId usrId usrId caught red handed with photoshop than admitted we didnit send any peeli chaddi to nepal http,Other Useful Information
20889,rt usrId DD images reveal nepal s heartbreaking earthquake devastation httpAddress,Other Useful Information
20890,rt usrId nepal s famous dharahara tower becomes site for selfies after devastating earthquake httpAddress httpAddress,Other Useful Information
20891,still there is panic #earthquake2072 #nepalquake,Other Useful Information
20895,updates usrId in field with over 200 real concern over sanitation aid not reached them yet but everyone is together #nepalearthquake,Other Useful Information
20900,no new patients arriving at nepal medical college jorpati at the httpAddress,Other Useful Information
20903,rt usrId why is the damage in nepal worse than japan had in 1995 ? usrId examines global risk data httpAddress httpAddress,Other Useful Information
20904,surely this will unite hindus of india amp ; nepal with xtians of the world against httpAddress it ?? embarrassed to commnt ? httpAddress,Other Useful Information
20905,rt usrId #redcross teams continue to work to reach villages closer to #nepalquake s epicentre amp ; across 30 affected districts https,Other Useful Information
20908,quake hit nepal on war footing nepal is on a war footing as it struggles to meet the overwhelming need httpAddress httpAddress,Other Useful Information
20923,rt usrId 5.5 magnitude quake jolts pak s northwest #pakistan #earthquake #nepal #china #indi httpAddress httpAddress,Other Useful Information
20928,rt usrId here is a list of scavengers who feed on the dead disgusting #nepalearthquake #indiawithnepal httpAddress,Other Useful Information
20931,rt usrId #msghelpearthquakevictims google has released a people finder for the #nepalearthquake httpAddress data not ver,Other Useful Information
20938,rt usrId vodafone foundation instant mobile network team deployed to httpAddress #nepalearthquake #nepalquake httpAddress,Other Useful Information
20940,rt usrId the tragedy that happened in nepal is being overlooked by the pointless riot in baltimore #firstworldproblems,Other Useful Information
20941,#kantipur and #nagarik have comprehensive pieces about how incapable #nepal govt has been in distributing relief materials #nepalquake,Other Useful Information
20947,climbers stranded on everest face race against time after nepal earthquake httpAddress,Other Useful Information
20955,rt usrId nepal police hotline numbers at headquarters httpAddress,Other Useful Information
20959,usrId at least go to gorkha n look out for the affected httpAddress on you and ur httpAddress thank india who were the first i httpAddress,Other Useful Information
20965,what caused the nepal earthquake ? al jazeera english httpAddress,Other Useful Information
20967,tent cities thin out in nepal capital but residents on edge httpAddress,Other Useful Information
20971,usrId usrId this is httpAddress it is not kathmandu httpAddress please httpAddress httpAddress,Other Useful Information
20972,rt usrId hats off to pm usrId for his immediate response to httpAddress swift action by httpAddress is what gud leaders,Other Useful Information
20973,rt usrId when i see people of nepal suffering from the earthquake i find it hard to understand how nigel farage could suggest st,Other Useful Information
20976,nepal earthquake devastation in maps and images before and after satellite images and maps httpAddress #news,Other Useful Information
20981,rt usrId india committed to assist httpAddress of nepal in every way possible in dealing with situation #presidentmukherjee,Other Useful Information
20983,rt usrId nepal map data updated every DD mins from usrId httpAddress usrId,Other Useful Information
20985,3novices tired of waiting for aid angry quake survivors block roads in nepal httpAddress an official from nepal s home minist,Other Useful Information
20988,rt usrId rt usrId an excellent piece by gopalkrishna gandhi on the lessons from the nepal earthquake httpAddress,Other Useful Information
20995,httpAddress one has taken place or they do not want to believe that the awaited one is httpAddress they are so obsessed with materialistic #nepal,Other Useful Information
21001,rt usrId toi edit page digging out of the rubble national reconstruction in nepal requires a constitution amp ; local elections ht,Other Useful Information
21014,rt usrId my backpacking cousin last heard from on wednesday as she headed to kathmandu has just phoned httpAddress she s httpAddress can t des,Other Useful Information
21016,usrId they ve managed to reach kathmandu but with the help of their guide not through the official evacuation i httpAddress,Other Useful Information
21025,great news ! rt usrId whatcom trekkers in nepal reported safe httpAddress,Other Useful Information
21033,on the scene quake overwhelms nepal voice of america httpAddress,Other Useful Information
21037,the earthquake in nepal is awful,Other Useful Information
21039,aftershocks would be felt in #dhaka too today and the next few httpAddress,Other Useful Information
21053,rt usrId new usrId #nepalquake information service launches on usrId httpAddress usrId httpAddress,Other Useful Information
21054,rt usrId nepal quake stresses importance of research for early httpAddress earthquake resistant bldg design in municipal laws i,Other Useful Information
21055,#pakistan latest on nepal quake jakarta post new york timeslatest on nepal quake jakarta postarmy troops httpAddress httpAddress,Other Useful Information
21056,rt usrId the news about earthquake in nepal and parts of india is really shocking #msghelpearthquakevictims amp ; wid the victims in t,Other Useful Information
21067,rt usrId want to do even more to help #nepalquake survivors ? start your own fundraising page ! httpAddress #nepal,Other Useful Information
21068,rt usrId absolutely ! #nepalearthquake is proving this theory correct every second as we speak ! httpAddress,Other Useful Information
21073,rt usrId the fearless httpAddress httpAddress httpAddress,Other Useful Information
21078,rt usrId arthur ! it s not about buildings ! nepal needs water reticulation sanitation food #qanda,Other Useful Information
21079,rt usrId rainbow over the himalayas nepal httpAddress,Other Useful Information
21088,rt usrId #operacaobetalab in pictures nepal earthquake aftermath images from nepal as it struggles to httpAddress httpAddress #sdv,Other Useful Information
21106,rt usrId we are in the process of finding more information and are working to reach out to those affected both at home amp ; in httpAddress,Other Useful Information
21114,rt usrId 20 00 rss workers are helping out in nepal ? bigger question is how will khakhi chaddis survive in himalayan cold ?,Other Useful Information
21116,usrId usrId at sea or on land warriors contribute their might !! #nepalearthquake,Other Useful Information
21117,rt usrId kathmandu on edge after deadly quake ravages nepal httpAddress by usrId,Other Useful Information
21122,channel4news #nepalearthquake hopes and dreams crushed like httpAddress millerc4 reports from alongside rescue teams httpAddress,Other Useful Information
21127,rt usrId if #israel rebuild a entire town in #nepal there is something httpAddress take care they will build a spy centre inside the cit,Other Useful Information
21131,httpAddress watch kathmandu devastation through the eyes of a drone httpAddress,Other Useful Information
21139,rt usrId local youth have been protecting architectural sites in httpAddress no authority here to take httpAddress usrId usrId http,Other Useful Information
21140,just announced ko phangan thailand apr DD at nepal fundraiser leela beach httpAddress,Other Useful Information
21141,rt usrId #nepalearthquake survivor drank urine while trapped for DD hours httpAddress,Other Useful Information
21144,rt usrId imagine kejriwal was pm during nepal #earthquake his statement would have been hum kuch nahin kar sakte ji army presid,Other Useful Information
21155,usrId usrId act as frnd in time of httpAddress frnd can wipe httpAddress but india isn t mother of httpAddress sovereign cntrs r httpAddress,Other Useful Information
21157,earthquake in nepal and httpAddress most affected areas are twitter facebook and httpAddress,Other Useful Information
21161,nepal earthquake eight million people affected un says httpAddress via bbc,Other Useful Information
21169,rt usrId nepalese pick up the pieces after devastating quake usrId httpAddress #nepal #surviving,Other Useful Information
21173,rt usrId #nepalearthquake it s always d swayamsevaks amp ; the army ! saw them doing rescue work during the j amp ; k and garhwal floods ! httpAddress,Other Useful Information
21186,facebook and google respond to nepal earthquake with tech tools httpAddress,Other Useful Information
21187,rt usrId reports coming in from nepal of another big httpAddress we felt it here in delhi httpAddress went on for close to a minute,Other Useful Information
21191,rt usrId we know that children have been the most affected by this httpAddress roger hodgson part of our #nepal httpAddress httpAddress,Other Useful Information
21201,rt usrId #travelupdate our flight 9w DD kathmandu delhi has landed at httpAddress our operations to kathmandu will continue as per sche,Other Useful Information
21202,if you re worried about loved ones in nepal this app could help in the wake of a devastating earthquake in nepal httpAddress,Other Useful Information
21203,rt usrId in nepal israel evacuates surrogate babies leaves mothers httpAddress gay israeli couples rent indian wombs for babies httpAddress,Other Useful Information
21204,rt usrId ndrf doing a excellent job in httpAddress kudos ! #trustmodisarkaar httpAddress,Other Useful Information
21210,rt usrId indian railways opens reservation counter in delhi int l airport to provide tickets to httpAddress #nepalearthquake httpAddress,Other Useful Information
21213,rt usrId no matter where when or how israel will always protect its citizens #nepal #idfinnepal #israelinnepal httpAddress,Other Useful Information
21214,rt usrId nepal says no more foreign rescue teams needed in quake search httpAddress,Other Useful Information
21218,rt usrId #fact D million people have been affected by the httpAddress more facts here httpAddress httpAddress,Other Useful Information
21219,rt usrId oh listen ppl end of the day patrick dempsey is still very much alive . their are ppl in nepal that aren t #perspective #,Other Useful Information
21233,rt usrId 2 airtel has made calls to nepal free for DD hours from DD hrs of httpAddress,Other Useful Information
21236,imam mehdi gohar shahi news current affairs the end times are upon us httpAddress #isis #is #nepalearthquake #nepal,Other Useful Information
21244,nepal earthquake british survivors arrive back in uk httpAddress,Other Useful Information
21248,nepal earthquake cctv footage compilation httpAddress,Other Useful Information
21251,#update flights take off as kathmandu airport opens httpAddress,Other Useful Information
21256,rt usrId rt usrId when the earth shook we reached for our httpAddress usrId on #commisaid in #nepalearthquake httpAddress,Other Useful Information
21257,green berets survive nepal earthquake assist relief efforts sofrep httpAddress,Other Useful Information
21258,httpAddress thank httpAddress rt usrId stefan s account on why climbers should not climb #everest this httpAddress httpAddress #nepalquake,Other Useful Information
21264,nepal earthquake incredible pictures from everest base camp httpAddress via usrId,Other Useful Information
21265,#pakistan #dunya quake aftershock of 6.7 magnitude hits nepal usgs kathmandu afp a httpAddress aftershock struck httpAddress,Other Useful Information
21277,rt usrId just in magnitude 6.7 aftershock shakes kathmandu sending people yelling and running for open ground via usrId,Other Useful Information
21279,rt usrId pm modi press briefing with afghan pres usrId talks of nepal tragedy you are not alone at this moment of trage,Other Useful Information
21281,rt usrId #nepalearthquake in case you need it another tool to find httpAddress gm #smem httpAddress,Other Useful Information
21282,photos the aftermath of nepal s deadly earthquake gt ; gt ; httpAddress,Other Useful Information
21283,rt usrId just landed after DD hrs long flight from httpAddress sorry to know about the massive earthquake in our eastern states and,Other Useful Information
21288,rt usrId #nepalearthquake httpAddress same magnitude as DD san francisco amp ; about DD times more powerful than the 7.0 quake that devas,Other Useful Information
21290,rt usrId india rushes DD military aircraft with aid to nepal httpAddress,Other Useful Information
21295,rt usrId around 300 00 foreign tourists were estimated to be in #nepal for the spring trekking and climbing season reuters #,Other Useful Information
21302,rt usrId on first day #idfinnepal field hospital in #nepal treats nearly 100 delivers baby httpAddress httpAddress,Other Useful Information
21304,rt usrId our emergency teams amp ; supplies are on the way to help ppl caught in httpAddress httpAddress,Other Useful Information
21308,live earthquake aftershock measuring 6.9 hits nepal ; fresh tremors felt in new .. firstpost httpAddress httpAddress,Other Useful Information
21310,usrId usrId 2007 nepal airlines slaughters goats in front of a fboeing 757 to fix technical httpAddress httpAddress,Other Useful Information
21312,rt usrId #nepalquake for oxfam comment usrId laurelle keough on DD DD DD usrId or usrId gunjan jain on DD 9811,Other Useful Information
21323,rt usrId ramdev adopts DD orphan children in nepal httpAddress outlook wires,Other Useful Information
21328,rt usrId please see our update on the earthquake in nepal this evening usrId httpAddress,Other Useful Information
21338,usrId front page in all the states news papers even trending on social media everywhere above httpAddress what a world huh ?,Other Useful Information
21345,live all government colleges schools in nepal shut for one week after quake DD dead,Other Useful Information
21347,rt usrId original footage 7.9 magnitude earthquake in nepal 2015 httpAddress #nepalearthquake #prayfornepal httpAddress,Other Useful Information
21348,rt usrId may kindly note the helplines numbers in mea control room are for enquiries relating to indian nationals in httpAddress httpAddress,Other Useful Information
21349,rt usrId #nepalearthquake emergency numbers are 977 4200 250 and 977 httpAddress,Other Useful Information
21354,photos from the devastating 7.8 magnitude earthquake in nepal tragedy struck the world when a 7.8 magnitude earthquake hit kathmandu nepal,Other Useful Information
21356,both sides are so fucked up and what is more of a shame is that the innocent people in nepal who truly need help have to compete with idiots,Other Useful Information
21357,rt usrId httpAddress emergency centers have been providing vital info for #nepalquake relief efforts httpAddress httpAddress,Other Useful Information
21362,rt usrId nepal quake china shuts down everest season in tibet httpAddress,Other Useful Information
21363,green earthquake alert magnitude httpAddress depth 10km in nepal httpAddress 23 41 utc DD people httpAddress httpAddress via usrId,Other Useful Information
21369,following nepal quake climbers say everest season is over #sandiego httpAddress,Other Useful Information
21376,rt usrId that moment when sehun updates his instg about helping children from nepal and some people comment luv ur booty i have no,Other Useful Information
21381,rt usrId chicago men return from nepal after experiencing earthquake httpAddress,Other Useful Information
21384,choppers ferry injured in nepal ; new mudslide hits village gorkha nepal ap helicopters httpAddress httpAddress lt ; full story,Other Useful Information
21390,rt usrId seems murdoch is httpAddress has this really made the front page ? what about nepal or baltimore ? no this httpAddress httpAddress,Other Useful Information
21392,rt usrId nepal earthquake are you there or have loved ones affected ? please share httpAddress us if you are in a safe place httpAddress,Other Useful Information
21395,biggest earthquake in nepal region since 1934 ; aftershocks to continue ngri scientist the earthquake httpAddress httpAddress,Other Useful Information
21397,rescue crews pull 15yo boy from #nepalearthquake httpAddress story httpAddress pic from nepal state tv httpAddress,Other Useful Information
21400,one man swung into action mere minutes after the news of #nepalearthquake and spearheaded an impressive httpAddress httpAddress,Other Useful Information
21412,rt usrId DD indian journalists doing lots of modi propaganda in httpAddress nepal army tells all foreign teams to go back writes l,Other Useful Information
21417,houstonian usaid director usrId speaking usrId conference with usrId re status update in httpAddress #nepal httpAddress,Other Useful Information
21422,httpAddress #video very dramatic 7.8 #earthquake #rescue work in #kathmandu #nepal #nepalearthquake #kathmanduquake,Other Useful Information
21433,rt usrId the devastation in kathmandu is horrific but the fear is it may be worse in remote areas httpAddress httpAddress,Other Useful Information
21435,rt usrId another tremor reported in kathmandu by editor nepali httpAddress httpAddress,Other Useful Information
21439,from delhi to kochi impact of nepal earthquake across india httpAddress,Other Useful Information
21440,rt usrId climbers are stuck on mt . everest with no way down after nepal earthquake httpAddress httpAddress,Other Useful Information
21441,rt usrId magnitude 6.7 earthquake hits east of kathmandu nepal usgs httpAddress,Other Useful Information
21445,rt usrId 4.6 earthquake 14km e of panaoti httpAddress apr DD 19 55 at epicenter 20m ago depth httpAddress httpAddress,Other Useful Information
21447,rt usrId powrful earthquake hit nepal wid strong tremors felt across northern amp ; eastern india as well #msghelpearthquakevictims,Other Useful Information
21448,please see this message from usrId httpAddress #nepalearthquake,Other Useful Information
21449,httpAddress said my day in everest base camp feels like a httpAddress #everest #nepal httpAddress,Other Useful Information
21453,rt usrId DD satellite phones sent to nepal for communications #opmaitri #nepalearthquake,Other Useful Information
21456,rt usrId nepalis have a family in DD cr indians modi s #mannkibaat #soulvultures #earthquake #nepalearthquake httpAddress,Other Useful Information
21465,rt usrId absolute and utter disgrace is httpAddress this is philippines not nepal via httpAddress httpAddress,Other Useful Information
21471,rt usrId last year usrId wrote on kathmandu s earthquake nightmare httpAddress #nepalquake httpAddress,Other Useful Information
21473,why nepal is so vulnerable to quakes the magnitude 7.8 nepal earthquake has occurred in what is one of the httpAddress httpAddress,Other Useful Information
21488,rt usrId quick interpretation of of 1st #sentinel1 interferogram for nepal quake from httpAddress #nepalearthquak,Other Useful Information
21489,rt usrId #nepal #nepalearthquake httpAddress vittime,Other Useful Information
21500,the fact that bruce jenner is trending more than the #freddiegray protests and the nepal earthquake is what s wrong with this httpAddress,Other Useful Information
21502,china stands side by side with nepal in time of woe a massive earthquake shook nepal at 2 11 pm beijing time .. httpAddress,Other Useful Information
21504,rt usrId breaking major 6.7 magnitude aftershock hits nepal usgs says httpAddress,Other Useful Information
21507,rt usrId russian foreign ministry usrId thanks india for evacuating its httpAddress #nepalearthquake httpAddress,Other Useful Information
21515,facebook safety check helps users locate loved ones in nepal httpAddress via usrId,Other Useful Information
21520,rt usrId aftershock in httpAddress one jolt felt like an artillery shell httpAddress heard screaming from frightened people around the neighbor,Other Useful Information
21522,usrId sir plz rt this tweet #nepalquakerelief httpAddress,Other Useful Information
21524,see the moment a massive earthquake hits kathmandu aol features httpAddress,Other Useful Information
21536,uav technology is helping the search amp ; rescue mission #nepalearthquake httpAddress #drone #uav #tech #rescue #nepalquakerelief,Other Useful Information
21539,rt usrId japan is quake prone ; buildings literally seen swinging but not httpAddress new tall buildings reconstructed in nepal be wit,Other Useful Information
21544,footage emerges of nepal quake everest avalanche video of the devastation wrought by a major earthquake on kathma httpAddress,Other Useful Information
21546,rt usrId #indiawithnepal kudos to indian httpAddress super proud of httpAddress httpAddress,Other Useful Information
21547,rt usrId it s said that modi has sent DD modi fied media men to nepal to propagate in his httpAddress what nepali media says httpAddress,Other Useful Information
21556,i added a video to a usrId playlist httpAddress DD people from belagavi return safely from quake hit nepal,Other Useful Information
21560,#android #lg nature seems to be against us ; rain hampers nepal rescue teams reuters uk httpAddress httpAddress,Other Useful Information
21561,#nepal #selfie modern tragedy quake ravaged nepal tower a site for selfies social media is a httpAddress #news #account,Other Useful Information
21569,D aftershock until now siince this httpAddress please stop it . #nepalearthquake,Other Useful Information
21573,rt usrId views of the himalayas httpAddress #nepal #travel #ttot,Other Useful Information
21577,rt usrId httpAddress doesn t just report on overwhelmed #nepal hospital he treats survivors httpAddress httpAddress,Other Useful Information
21578,rt usrId the world s strongest #earthquakes since DD #nepalearthquake httpAddress,Other Useful Information
21579,rt usrId #nepalearthquake to get a better idea of the damage caused watch these images taken from an unmanned drone httpAddress,Other Useful Information
21583,rt usrId #nepalquake casualties in #bihar reported at 46 DD in #up D in #westbengal amp ; D in #rajasthan lc goel pic ani htt,Other Useful Information
21595,rt usrId httpAddress the guise of rebuilding nepal china plans to further colonize it at india s httpAddress,Other Useful Information
21600,rt usrId #vocabulary you might find in a story about the earthquake in nepal #learnenglish #elt httpAddress,Other Useful Information
21605,rt usrId #nepal earthquake a disaster waiting to httpAddress my blog on huffington post on the reasons why amp ; the challenges ahead httpAddress,Other Useful Information
21608,i hope all these amazing temples i ve visited can be rebuilt and the casualties are httpAddress the world loves you nepal #nepalearthquake,Other Useful Information
21615,rt usrId tps for #nepal introduced in us congress httpAddress tuned for updates !,Other Useful Information
21621,rt usrId ani reporting from httpAddress people stayed awake all night on the streets all due to httpAddress httpAddress,Other Useful Information
21622,rt usrId usrId nepal earthquake lessons learnt from responding to earthquakes httpAddress,Other Useful Information
21629,in kathmandu valley earthquake hit nepalis fend for themselves in the lush dhading farming district DD km httpAddress httpAddress,Other Useful Information
21632,nepal earthquake footage of everest avalanche hits youtube hollywood reporter httpAddress #youtube,Other Useful Information
21634,#rg fishing for votes politicking on #lab when world is helping #nepalearthquake victims ! this completes congis disconnect ! #rgpunjabvisit,Other Useful Information
21635,rt usrId a woman helps her son get across a crack caused by saturday s #nepalquake at lokanthali httpAddress httpAddress,Other Useful Information
21638,rt usrId watching the map improve as the team is editing in nepal live usrId httpAddress via usrId httpAddress,Other Useful Information
21641,#nepalearthquake usrId safety check for #nepal httpAddress amp ; usrId person finder httpAddress plz rt .,Other Useful Information
21643,rt usrId all phone calls from #india to #nepal made by any #bsnl or #mtnl phone shall be charged at local rates amp ; not at isd httpAddress #n,Other Useful Information
21645,rt usrId DD iaf mi DD hepters took off for rescue to dhadind charikot chatauran amp ; gorkha #nepalearthquake,Other Useful Information
21648,rt usrId i m proud D post this #saluteDindianforces post yemen its nepal ! serving at the risk of their lives #nepalearthquake httpAddress,Other Useful Information
21652,rt usrId rt to show awareness #prayfornepal httpAddress,Other Useful Information
21655,time of the essence for nepal victims says un in 415 million appeal httpAddress,Other Useful Information
21657,rt usrId #nepal #earthquake horrific scenes in #pokhara httpAddress #nepalquake #nepalquakerelief #nepalearthquake #quake,Other Useful Information
21658,rt usrId #facebook activates #safetycheck for people affected by #nepalquake httpAddress,Other Useful Information
21671,rt usrId #earthquake pictures from httpAddress httpAddress,Other Useful Information
21673,adaderana nepal earthquake slaf flight departs kathmandu #lka #srilanka ada derana usrId httpAddress httpAddress,Other Useful Information
21674,rt usrId team members from usrId httpAddress usrId and usrId are enroute to help victims of #nepalearthquake,Other Useful Information
21680,rt usrId what an awaful tragedy #nepalearthquake httpAddress,Other Useful Information
21686,planglobal watch planglobal davtox on cnn in ten minutes discussing #nepalearthquake and plan s response from the stranded plane to kathm,Other Useful Information
21688,rt rubenmasc so what does mrsgandhi have to say to rss idealogue hosabele confirming that rss teams havent gone to nepal ?! pics tweeted by,Other Useful Information
21694,art morning links earthquake in nepal edition the earthquake that hit nepal s kathmandu valley on .. httpAddress,Other Useful Information
21697,rt usrId nepal is just like a additional part of india and india can never let it down in its biggest tragedy so httpAddress unlike httpAddress #,Other Useful Information
21699,rt usrId one #aftershock at 02 59 nst struck within DD miles of #kathmandu ; further quakes could be up to m5 in same area httpAddress,Other Useful Information
21702,rt usrId we were so unprepared for this and it httpAddress fingers crossed that it won t rain but the dark clouds are here to stay,Other Useful Information
21703,rt usrId #nepalquake day D update aftershocks subside but huge need for rescue httpAddress httpAddress httpAddress,Other Useful Information
21704,rt usrId via usrId nepal before the earthquake struck a photographer s portfolio httpAddress,Other Useful Information
21710,rt usrId explained the #nepal earthquake and why more can be expected in the future httpAddress httpAddress,Other Useful Information
21712,watch shocking the first DD minutes after quake hit nepal click here to watch gt ; gt ; httpAddress httpAddress httpAddress,Other Useful Information
21716,rt usrId base camp sherpas running down the mountain not even stopping in lobouche ! #everest #nepalquake httpAddress,Other Useful Information
21717,somerville couple survives nepal earthquake httpAddress,Other Useful Information
21719,rt usrId pre DD earthquake panoramas from kathmandu nepal httpAddress httpAddress,Other Useful Information
21721,rt usrId does anyone know if the usrId inflatable hospital has arrived in #kathmandu as yet ? usrId usrId ind usrId usa,Other Useful Information
21722,blackmarketing and corrupt govt in this scary situation of httpAddress shameful httpAddress ppl should be hanged to httpAddress,Other Useful Information
21740,rt usrId #photos from the #nepalquake on usrId httpAddress #nepalearthquake,Other Useful Information
21745,marcelle42 goldleaf neonsigns about the earthquake in nepal it happened today april 25 and httpAddress httpAddress,Other Useful Information
21759,rt usrId ingo radtke malteser international secretary general on our first response to the devestating #nepalearthquake httpAddress,Other Useful Information
21761,i came to know about earthquake through modi twitter account while in bangkok httpAddress we called nepal and got updates regularly koirala,Other Useful Information
21771,rt usrId watch e ! news right now to catch our very own usrId interview ! #nepal #game4paul #reachoutworldwide httpAddress,Other Useful Information
21772,nepal economy shattered by quake recovery to take years from usrId httpAddress,Other Useful Information
21783,rt usrId nepal iaf suspends rescue ops temporarily due to bad weather conditions #nepalearthquake,Other Useful Information
21786,rt usrId cremation in httpAddress losing you has turned my heart to stone chants a farmer httpAddress httpAddress,Other Useful Information
21788,nepal s stories of loss include a mother pulling out her young children s bodies #nepal #mt everest #eartquake httpAddress,Other Useful Information
21793,rt usrId #nepalquake watch this update from our emergency response team as they prepare to leave for httpAddress httpAddress,Other Useful Information
21795,rt usrId learn the story behind search and rescue nepal and help us meet our httpAddress usrId httpAddress,Other Useful Information
21797,rt usrId #nepalearthquake indian embassy in nepal emergency contact numbers are DD amp ; DD,Other Useful Information
21802,rt usrId breathtaking pictures of #nepalearthquake devastation courtesy usrId httpAddress,Other Useful Information
21803,rt usrId extraordinary video of a turkish tourist of #nepalearthquake #kathmandu #nepal httpAddress httpAddress,Other Useful Information
21805,usrId i have sent you a message on facebook along with devina shrestha my contact in httpAddress kindly httpAddress they are httpAddress,Other Useful Information
21806,hi usrId we detected a httpAddress earthquake at 23 16 utc 19m 8s ago in kirtipur httpAddress did you feel it ?,Other Useful Information
21831,rt usrId mos kirren rijiju says prime minister is personally monitoring from d top on #nepal relief operations amp ; taking min2min,Other Useful Information
21834,rt usrId #nepalquake aftershocks continue to pose a httpAddress #earthquake affected areas could be at risk to httpAddress httpAddress,Other Useful Information
21835,dna nepal finds hero in doctor who carried on operation during earthquake ram prasad sapkota the doctor httpAddress httpAddress,Other Useful Information
21836,rt usrId emercom prepares for mission to #nepalearthquake zone httpAddress,Other Useful Information
21841,usrId hi sampada check the link following regarding this gt ; httpAddress 1 of 1,Other Useful Information
21845,hatesup to indian httpAddress we are proud of our defence forces whether it is ground military airforce or httpAddress httpAddress,Other Useful Information
21846,rt usrId all schools and educational institutions shall remain closed for five days in all affected districts information minister,Other Useful Information
21847,rt usrId latest information materials facts and figures on the #nepalquake in one place httpAddress httpAddress,Other Useful Information
21848,rt usrId one iaf c130 j with ndrf personnel takes off to kathmandu from hindon airbase usrId photo lockheed martin h,Other Useful Information
21857,rt usrId two types of vultures out on the prowl in the wake of #nepalearthquake 1 . indian httpAddress 2 . christian httpAddress caut,Other Useful Information
21864,rt usrId good morning from #kathmandu long lines waiting for httpAddress #nepalquake usrId httpAddress,Other Useful Information
21867,rt usrId t DD usrId usrId httpAddress once again guys here are the contact numbers for nepal #rt #earthquake httpAddress,Other Useful Information
21872,rt usrId please httpAddress children are in danger following the #nepal earthquake please support usrId to provide urgent help http,Other Useful Information
21877,nepal earthquake super jets globemaster and super hercules prove their worth in gold india inducted the httpAddress httpAddress,Other Useful Information
21879,rt usrId reporting from kathmandu the clock says it httpAddress struck at httpAddress am local time usrId httpAddress,Other Useful Information
21883,rt usrId leaving for kathmandu on tg319 httpAddress so looks like airport is open for normal flights for the httpAddress,Other Useful Information
21884,rt usrId keep in mind no one is more powerful than mother nature #nepalearthquake #earthquake stay safe #nepal httpAddress,Other Useful Information
21885,rt usrId mainstream news r covering mostly kathmandu badly needed updates from rural villages #nepalearthquake,Other Useful Information
21887,rt usrId hum pal pal nepal ke saath hai amul s new advert tugs at your heartstrings httpAddress httpAddress,Other Useful Information
21907,usrId usrId still manyshops are closed in many httpAddress not httpAddress a rumor httpAddress is most profit bearing httpAddress,Other Useful Information
21910,rt usrId #nepal s unesco heritage landmarks before amp ; after #nepalearthquake 1 . maju deval 2 . dharahara tower #kathmandu #quake httpAddress,Other Useful Information
21915,rt usrId nepal earthquake victim drank own urine to survive DD hours in httpAddress video httpAddress,Other Useful Information
21917,rt usrId here s a list of ngos responding to #nepalearthquake httpAddress via usrId #westandwithnepal httpAddress,Other Useful Information
21919,rt usrId update from the field our team has landed in nepal and secured a location for base camp in a town outside httpAddress httpAddress,Other Useful Information
21924,rt usrId still getting details on the #nepalearthquake about the location and safety of my httpAddress,Other Useful Information
21930,rt usrId private and govt schools in up to remain closed on 27th amp ; 28th april as a precautionary measure for httpAddress #nepa,Other Useful Information
21931,rt usrId D facts about the #nepal earthquake httpAddress,Other Useful Information
21934,nepal is not the big one next himalayan earthquake maybe closer to home httpAddress #news httpAddress,Other Useful Information
21936,rt usrId rt usrId spicejet says full refund re scheduling for #kathmandu flights #earthquake httpAddress,Other Useful Information
21943,rt usrId 3.2 million women amp ; children are httpAddress support un women s relief efforts in httpAddress httpAddress httpAddress,Other Useful Information
21954,rt usrId DD km from kathmandu coming from httpAddress road is 100 httpAddress lots if devastation in villages httpAddress #nepalearthquake,Other Useful Information
21955,rt usrId nepal pm sushil koirala and intelligence chief have been apprised of pakistan sending beef as quake relief an interna,Other Useful Information
21957,did you know seismographs near charlotte were able to detect vibrations from #nepalearthquake ? more at httpAddress httpAddress,Other Useful Information
21961,rt usrId updates on nepal earthquake gt ; usrId,Other Useful Information
21963,after massive 7.9 earthquake commercial flights to kathmandu put on hold httpAddress httpAddress,Other Useful Information
21973,nepal earthquake health amp ; safety concerns top priority tony castleman httpAddress httpAddress,Other Useful Information
21988,rt usrId #nepalquake kathmandu airport is now open ; was closed following massive earthquake deep kumar upadhyay nepal s ambassador t,Other Useful Information
22000,rt usrId httpAddress with singapore s ghurka contingent this morning for #nepalearthquake briefing httpAddress htt,Other Useful Information
22016,the power of business in emergencies online briefing on the nepal earthquake httpAddress,Other Useful Information
22025,#nepal #earthquake bbc crew travels to #quake epicentre bbc news httpAddress,Other Useful Information
22032,world riot police intervene as anger erupts among nepal quake survivors httpAddress,Other Useful Information
22035,httpAddress also send me an email im coordinating with someone from usrId in delhi and can pass on . httpAddress,Other Useful Information
22036,fastcompany rt harrymccracken a first person report from nepal by sandonet who s in httpAddress httpAddress,Other Useful Information
22043,today s monday mishmash is focused on something more important #nepal httpAddress,Other Useful Information
22045,rt usrId there have been DD aftershocks in nepal since saturday s httpAddress more numbers here httpAddress httpAddress,Other Useful Information
22049,rt usrId top questions the world is asking about the #nepalearthquake on #google httpAddress,Other Useful Information
22052,rt usrId usrId usrId usrId httpAddress event of an earthquake there they fear if they go to nepal they will be branded as,Other Useful Information
22054,rt usrId earthquake m 5.0 15km nne of nagarkot nepal httpAddress,Other Useful Information
22059,the key to nepal s economy is .. water httpAddress,Other Useful Information
22061,rt usrId #shame open spaces in #nepal limited amp ; cramped but #hyattregency still exclusive for rich amp ; westerners #nepalquake httpAddress,Other Useful Information
22062,pls share earthquake helpline at the indian embassy in kathmandu 977 DD 07021 977 DD DD,Other Useful Information
22065,rt usrId D rt will mean alot please don t ignore ? f #nepal httpAddress,Other Useful Information
22069,update statement from abta following the change in travel advice to httpAddress httpAddress,Other Useful Information
22072,D very informative maps of nepal s earthquake httpAddress,Other Useful Information
22073,after nepal earthquake amitabh bachchan writes about his first trip to the country amitabh bachchan later shot for films like httpAddress,Other Useful Information
22074,the latest on nepal protesters complain no aid reached them httpAddress free tool online httpAddress,Other Useful Information
22087,after nepal earthquake pm narendra modi calls emergency meet DD developments,Other Useful Information
22089,explained how safe are the 3 400 highrises in delhi mumbai ? httpAddress #nepalearthquake httpAddress,Other Useful Information
22093,more nepal quake is the worst temblor to hit the poor south asian nation in over DD years httpAddress via usrId,Other Useful Information
22096,watch usrId spokesperson lisa rutherford with the latest on the humanitarian situation in #nepal httpAddress,Other Useful Information
22098,rt usrId even the biggest monutain on earth got angry ! #nepalquake,Other Useful Information
22104,rt usrId nepal s tragedy has united the world while middle east wars are dividing the httpAddress,Other Useful Information
22105,rt usrId key facts about nepal site of httpAddress quake httpAddress,Other Useful Information
22107,rt usrId where is nepal s prime minister ?? anybody knows ?,Other Useful Information
22112,rt usrId #nepalquake infographic the numbers you need to know 26 april 7 00pm httpAddress httpAddress,Other Useful Information
22114,the #nepalearthquake and #riotsinbaltimore are #publichealth httpAddress,Other Useful Information
22115,video thousands sleep on nepal streets httpAddress,Other Useful Information
22118,rt usrId passengers on tg319 flight to kathmandu arrived back at httpAddress they will attempt again at 9 15am tr usrId http,Other Useful Information
22120,to #kathmandu and back even now when i stand up it feels as though the earth is httpAddress httpAddress #nepalquake,Other Useful Information
22125,if you think israel s nepal aid is hasbara you re missing a critical fact about israel it doesn t care about you httpAddress,Other Useful Information
22132,rt usrId find the latest #nepalquake situation report here httpAddress,Other Useful Information
22134,this nepal earthquake is httpAddress 3,Other Useful Information
22136,rt usrId prolly only D people knows about nepal s earthquake in my httpAddress they re on twitter httpAddress but they ignore it cuz it s n,Other Useful Information
22138,rt usrId on board an indian air force chopper mission in earthquake hit nepal httpAddress #nepalearthquake httpAddress,Other Useful Information
22140,rt usrId the #nepalearthquake has triggered aftershocks kolkata north india and landslides in sikkim httpAddress httpAddress,Other Useful Information
22141,rt usrId appropriate that usrId will be at #scotchforacause tonight to benefit usrId sisters in #nepal ! htt,Other Useful Information
22142,can i just say we are so caught up in whats happening in baltimore we are failing to recognize whats happening in httpAddress,Other Useful Information
22143,rt usrId nepal is learning a lesson large scale disasters also come with challenges to national security and httpAddress,Other Useful Information
22144,rt usrId with everything else happening in nepal the kathmandu post is still covering other world news including httpAddress httpAddress,Other Useful Information
22147,rt usrId new blog post local nepal earthquake appeal video blog httpAddress,Other Useful Information
22149,rt usrId power is out in much of the region but many are sharing scenes amp ; stories from inside nepal httpAddress httpAddress,Other Useful Information
22150,rt usrId #nepalearthquake landing on uneven ground by iaf s mi DD v5 at simpani near httpAddress httpAddress,Other Useful Information
22151,rt usrId fake quakes the false rumours spreading online about #nepalquake httpAddress httpAddress,Other Useful Information
22154,httpAddress 7.8 magnitude earthquake in nepal india httpAddress china earthquake unrest obvious http httpAddresshttpAddresst . cohttpAddress78q4z6xmq4,Other Useful Information
22163,rt usrId nepal earthquake moves kathmandu DD feet south but everest height unchanged say experts httpAddress httpAddress,Other Useful Information
22166,rt usrId watch on usrId #redcross discusses rescue efforts in nepal httpAddress #nepalearthquake usrId usrId usrId,Other Useful Information
22179,rt usrId damaris frick usrId taking part in #nepalearthquake health cluster meeting in kathmandu httpAddress http,Other Useful Information
22189,rt usrId something to reflect on over the next few days at #cba9 how can we link drr and cba in the wake of the #nepalearthqua,Other Useful Information
22190,rt usrId a 58 member httpAddress team from fairfax county arrives httpAddress httpAddress dart a helicopter medical assistance #westandwit,Other Useful Information
22196,rt usrId wi fi services back on after DD httpAddress grocery stores too opening httpAddress kathmandu begins to put the pieces httpAddress #himal,Other Useful Information
22198,rt usrId here s the httpAddress pakistan sends beef masala as aid to quake hit nepal ! httpAddress usrId,Other Useful Information
22209,rt usrId when nepal was groaning in earthquake christian missionaries were shamelessly selling jesus httpAddress,Other Useful Information
22217,httpAddress i am streaming the emergency communications from httpAddress httpAddress,Other Useful Information
22219,rt usrId there is nobody helping people in the villages people are dying where they are #abgurung #nepalesesoldier,Other Useful Information
22223,rt usrId the latest on nepal earthquake dozens arrested for looting and spreading rumors about impending big quake httpAddress,Other Useful Information
22225,rt usrId if you have a problem with india helping nepal for whatever reasons you are a httpAddress no actually the douche is still use,Other Useful Information
22230,rt usrId visualizing the #nepalearthquake the human side of #datascience httpAddress #abdsc #bigdata #dataviz httpAddress,Other Useful Information
22237,httpAddress that was one big earthquake in httpAddress httpAddress,Other Useful Information
22238,rt usrId for everyone in httpAddress httpAddress,Other Useful Information
22241,rt usrId beef masala mus b relief material for the minority communities in httpAddress sanghis wont let minorities eat in nepal httpAddress #,Other Useful Information
22245,rt usrId what willing amp ; able government people can do ! #nepal #nepalearthquake #nepalquake #nepalquakerelief usrId ht,Other Useful Information
22251,rt usrId aftershock in kathmandu region measured 6.7 magnitude us geological survey says httpAddress,Other Useful Information
22256,new #earthquake mb 4.5 nepal magnitude mb 4.5 region nepal date time 2015 04 26 httpAddress utc httpAddress httpAddress,Other Useful Information
22277,rt usrId nepal on war footing as quarter of population hit by quake httpAddress,Other Useful Information
22278,rt usrId #nepalearthquake #sewaa from #gurudwaraamritsar sahib amp ; others #langar amp ; materials f f 3 usrId usrId httpAddress,Other Useful Information
22289,rt usrId usrId usrId another #soulvultures #nepalearthquake httpAddress,Other Useful Information
22294,rt usrId httpAddress bbc marr discuss nepal in terms of risks to everest climbers and httpAddress no mention of httpAddress,Other Useful Information
22305,good design helps japan with earthquakes #nepal httpAddress,Other Useful Information
22310,rt usrId for generations the brave gorkhas have defended httpAddress india goes all out to pay back that httpAddress #nepalearthquake,Other Useful Information
22316,rt usrId httpAddress heavy equipment for rubble removal ; helicopters for transport and access to blocked httpAddress #nepalquake httpAddress,Other Useful Information
22320,ft powerful earthquake hits kathmandu httpAddress,Other Useful Information
22336,6.7 magnitude aftershock registered in the kathmandu region of httpAddress largest aftershock recorded since saturday s earthquake usrId,Other Useful Information
22348,rt usrId an earthquake with an estimated magnitude of 7.9 shook nepal on saturday near its capital katmandu httpAddress,Other Useful Information
22355,rt usrId a famous nepalese tagline i ll die but my country will shine all over a #nepalearthquake #,Other Useful Information
22356,quick access and useful data is what usrId was designed for and it s unprecedented in the humanitarian httpAddress httpAddress,Other Useful Information
22358,just one bbc news fb post on #nepalquake from last weekend nb the page has 450k fans in nepal and 2million in india httpAddress,Other Useful Information
22376,crazy i was just thinkin about going to nepal and they have a massive httpAddress,Other Useful Information
22383,any lessons from #ebola on the ratio of helpful overwhelming and coordinated fragmented in tech approaches to #humanitarian relief ? #nepal,Other Useful Information
22387,nepal earthquake triggers everest avalanche climbers at risk the times of india httpAddress,Other Useful Information
22393,powerful earthquake strong aftershocks hit nepal httpAddress,Other Useful Information
22399,earth quake in nepal httpAddress,Other Useful Information
22400,rt usrId some people in kathmandu literally spent their night out in streets laying carpets on httpAddress #nepal httpAddress,Other Useful Information
22405,because this #nepal hasn t had to deal with httpAddress hopefully the storm brings with it water but not destruction httpAddress,Other Useful Information
22411,rt usrId from raxaul bihar which is on the india nepal border my colleague usrId is co ordinating relief work to help aff,Other Useful Information
22416,raw footage powerfull earthquake 7.9 m in kathmandu nepal httpAddress,Other Useful Information
22419,rt usrId bloody vatican douchebags rejoicing as disasters opens window to carry their mission #nepalearthquake #soulvultures htt,Other Useful Information
22421,D #iaf mlhs positioned at httpAddress helicopter sorties scheduled for lukla dhading millanchi and gorkha today #nepalearthquake,Other Useful Information
22426,rt usrId fortunately my friends parents are safe after the #nepalearthquake but very httpAddress hope #nepal gets all the assistance,Other Useful Information
22431,rt usrId great to see our usrId international and nepalese teams working tirelessly with local movements in our response in #n,Other Useful Information
22449,dear photographers please don t get on a plane to nepal httpAddress #photography #arts,Other Useful Information
22451,rt usrId usrId due to shortage of hotels amp ; food in nepal httpAddress of journalists photographers etc shld be restricted in nepal govt shld c,Other Useful Information
22452,rt usrId #amnesty staff board families now confirmed httpAddress but #nepalquake impact is terrifying say friends in httpAddress usrId,Other Useful Information
22456,nepal declares D days of mourning for quake victims httpAddress,Other Useful Information
22464,rt usrId listen to #everest updates as usrId talks with usrId from base camp amp ; gt ; amp ; gt ; httpAddress #nepalearthquake,Other Useful Information
22470,perth families desperate for nepal news the west australian httpAddress #news,Other Useful Information
22478,earthquakes are soo funny ! nepal quake reveals our mean girl social media avatars sitting in a cab in mumbai httpAddress,Other Useful Information
22483,#ukip supporters probably in hiding after #nepalearthquake since basically they are voting for a party that wants to reduce foreign aid d,Other Useful Information
22485,rt usrId has the rss forgotten that nepal is a sovereign country ? why protest #pakistan sent beef on it s behalf ? if nepal has a proble,Other Useful Information
22488,tensions rise in nepal after weak response to deadly quake httpAddress,Other Useful Information
22497,usrId usrId torygraph hsbc scandal suppression cchq propaganda letters displacing nepal tragedy on front httpAddress httpAddress,Other Useful Information
22499,live footage of earthquake in kathmandu httpAddress via usrId you should definitely see this !! #literalgoosebumps,Other Useful Information
22502,mos ishte denim prej zotit ! in two days 250 00 animals are violently slaughtered in nepal just to please a httpAddress httpAddress,Other Useful Information
22505,rt usrId to facilitate transportation of relatives of those affected in #nepalearthquake northern railway has made certain arrangements,Other Useful Information
22509,quake aftermath widens nepal s political divisions the earthquake that jolted nepal last week also sent httpAddress httpAddress,Other Useful Information
22511,rt usrId #narendramodi s political career was built on the rebuilding of his home state of gujarat after a DD #earthq,Other Useful Information
22514,everytime a disaster httpAddress the shop keepers exponentially hike price of their httpAddress water selling at httpAddress bottle # #nepalquake,Other Useful Information
22517,rt usrId breaking #usgs says kathmandu region hit by magnitude 6.7 aftershock,Other Useful Information
22526,the earth shook in nepal and the resulting destruction has been massive usrId httpAddress,Other Useful Information
22533,after seeing all the absolutely devastating photos amp ; videos coming out of nepal i just can t help but shake httpAddress httpAddress,Other Useful Information
22544,do you await the awaited one ? #goharshahi #nepal #nepalearthquake #helpnepal #earthquake #endtimessigns #mounteverest,Other Useful Information
22555,#nepalearthquake greatest earthquake in the region in oct DD that 70 00 people in india and pakistan read report httpAddress,Other Useful Information
22559,rt mrpksahoo aap must be happy with #nepalearthquake coz it diverted media s attention from #aaprallymurder in no httpAddress #aapkilledfarmer,Other Useful Information
22567,usrId embassy of india kathmandu control room numbers 977 012081148 DD DD httpAddress,Other Useful Information
22570,rt usrId new #sentinel1 image of #nepalearthquake ground httpAddress blue uplift yellow subsidence httpAddress,Other Useful Information
22573,rt usrId nepal and india connected in some many ways culture faith httpAddress but most moving the fearless service of the gorkhas in ou,Other Useful Information
22577,rt usrId earthquake jolts nepal india and bangladesh nepal appears to be affected adversely needs help from other httpAddress,Other Useful Information
22579,india has become saviour for other countries earlier #operationraahat n now #operationmaitri #salute n #rip souls died in #nepalearthquake,Other Useful Information
22587,the nepal government will take serious legal action against the black market people and people spreading rumors #napalearthquake,Other Useful Information
22589,thanks for tuning in ! we ll be right back with updates on the #nepalearthquake,Other Useful Information
22592,report describing levels of #nepalquake destruction in tibet from a chinese online paper httpAddress,Other Useful Information
22598,rt usrId a girl with safe drinking water at unicef supported informal camp in httpAddress httpAddress usrId httpAddress,Other Useful Information
22608,usrId still cant get thru to the customer care numbers #nepalquakerelief,Other Useful Information
22623,in pictures nepal earthquake aftermath httpAddress via usrId,Other Useful Information
22639,rt usrId avalanches reported in mount everest region after powerful earthquake in httpAddress httpAddress,Other Useful Information
22643,rt usrId tremors are decreasing .. #nepalquake httpAddress,Other Useful Information
22650,rt usrId #nepal police is arresting small store owners in kathmandu who re inflating prices of daily httpAddress httpAddress,Other Useful Information
22652,axj nepal 7.9 massive httpAddress,Other Useful Information
22662,experts gathered in nepal a week ago and then the disaster httpAddress bet they made sure their family members knew,Other Useful Information
22666,7.9 earthquake in india and nepal httpAddress via usrId,Other Useful Information
22671,usrId video by mountaineer arjun vajpai shows landslide in mount everest after 7.9 nepal earthquake httpAddress rt !,Other Useful Information
22674,heartbreaking rt usrId breaking reports of another avalanch at mt . everest after a fresh 6.7 earthquake in httpAddress,Other Useful Information
22677,learn about #mountain #ecosystems #earthquake #nepal 1miin DD sec httpAddress,Other Useful Information
22680,why majority buildings in india weathered the impact of nepal earthquake the economic times on mobile httpAddress,Other Useful Information
22681,rt usrId usrId plz rt updated list of emergency contact after #nepalearthquake httpAddress,Other Useful Information
22684,usrId write to httpAddress for questions on httpAddress citizens affected httpAddress or call DD or 120250144,Other Useful Information
22690,rt usrId and another bit longer tremor #nepalearthquake,Other Useful Information
22691,rt usrId see india s rescue operations in the villages most affected by nepal s deadly earthquake httpAddress httpAddress,Other Useful Information
22701,rt usrId the ndrf indian army and other forces are doing a remarkable job in httpAddress,Other Useful Information
22711,usrId whole world is watching great work of usrId in nepal we are proud on httpAddress,Other Useful Information
22714,rt usrId kathmandu quake httpAddress clearing rubble to search for httpAddress httpAddress,Other Useful Information
22716,rt usrId httpAddress don t believe earthquakes happen naturally not from mother nature they re provoked avoid other,Other Useful Information
22718,canadian phone companies waive fees for calls to nepal the globe and mail httpAddress,Other Useful Information
22719,food crisis imminent for 1.4 million ppl in httpAddress how long would you last without food in the markets and water from the tap ?,Other Useful Information
22726,nepal s slowing economy set for freefall without world s help httpAddress via usrId httpAddress,Other Useful Information
22737,live all government colleges schools in nepal shut for one week after quake DD dead,Other Useful Information
22739,rt usrId reached #kathmandu finally ! lots of indians stranded at the airport #nepalquake usrId httpAddress,Other Useful Information
