item_id,item,label
3807,as a strong earthquake occurred in chile today D meter of the tsunami is going to reach the coast of japan in a few httpAddress #tsunami #chile,Caution and advice
3808,chile earthquake sparks tsunami warning and evacuation of thousands httpAddress #prayforchile,Caution and advice
3809,president cautious as 8.2 quake kills D in chile httpAddress,Caution and advice
3810,tsunami warning as earthquake hits chile httpAddress,Caution and advice
3811,chile earthquake triggers tsunami five dead httpAddress,Caution and advice
3812,#indonesia says it could be hit by small tsunami from #chile quake httpAddress,Caution and advice
3813,powerful earthquake strikes off the coast of chile,Caution and advice
3814,earthquake strikes off the coast of chile httpAddress,Caution and advice
3815,rt usrId #tsunami warning after 8.2 quake httpAddress httpAddress #pacific #chile #hawaii #southamerica #ecuador via usrId,Caution and advice
3816,indonesia says it could be hit by tsunami from chile earthquake abc online httpAddress,Caution and advice
3817,earthquake strikes off the coast of chile httpAddress,Caution and advice
3818,huge earthquake off chile s north coast triggers tsunami,Caution and advice
3819,my tweeted times top powerful earthquake strikes off the coast of chile httpAddress httpAddress see more httpAddress,Caution and advice
3820,huge earthquake off chile s north coast triggers tsunami,Caution and advice
3821,deadly quake strikes off coast of chile httpAddress,Caution and advice
3822,earthquake strikes off the coast of chile httpAddress,Caution and advice
3823,usrId #prayforchile 8.2 earthquake and tsunami httpAddress httpAddress,Caution and advice
3824,no #california tsunami warning however sea could rise according to usrId 4 8 inches usrId #chileearthquake httpAddress,Caution and advice
3825,deadly quake strikes off coast of chile httpAddress,Caution and advice
3826,#prayforchile 8.2 earthquake and tsunami httpAddress,Caution and advice
3827,a magnitude 8.2 earthquake strikes chile followed by a tsunami httpAddress way too much ! may god give them httpAddress #prayforchile,Caution and advice
3828,if a tsunami wave is going to hit hawaii as a result of tuesday s magnitude 8.2 quake in chile it should happen around 9 30 httpAddress eastern,Caution and advice
3829,just in indonesia says it could be hit by tsunami from chile earthquake httpAddress #news,Caution and advice
3830,usrId earthquake powerful 8.2 earthquake slams off the coast of chile with tsunami waves apr 01 2014 httpAddress,Caution and advice
3831,8.2 magnitude earthquake hits northern chile voa httpAddress,Caution and advice
3832,massive 8.2 quake hits near chile coast tsunami warning issued ; residents evacuating httpAddress,Caution and advice
3833,authorities lift tsunami threat after 8.2 quake kills D in northern httpAddress httpAddress,Caution and advice
3834,farthermost northern chile was hit by an 8.2 richter earthquake at 8 45 pm last night setting off all tsunami alerts along its httpAddress,Caution and advice
3835,tsunami threat lifted after 8.2 quake kills D in northern chile httpAddress #emm,Caution and advice
3836,parts of northern #chile have been declared disaster zones after being hit with an earthquake httpAddress httpAddress usrId,Caution and advice
3837,we re in advisory tsunami mode due to chile earthquake gt ; gt ; dummies are not heeding warnings to stay outta the water till least D httpAddress hmm,Caution and advice
3838,authorities have lifted tsunami warnings for chile s long coastline after a magnitude 8.2 earthquake struck httpAddress httpAddress,Caution and advice
3839,from #breakingnews tsunami watch expanded to nicaragua el salvador costa rica panama and columbia following quake off chile,Caution and advice
3840,pacific tsunami warning center #tsunami advisory for #hawaii has been cancelled following the 8.2 #earthquake off httpAddress,Caution and advice
3841,fulfilled chile 8.3 massive mega quake tsunami alert httpAddress see httpAddress httpAddress httpAddress #chile,Caution and advice
3842,second earthquake hits northern chile after one day of the first earthquake and warning of new httpAddress,Caution and advice
3843,chile s navy cancels tsunami alert following 7.6 quake httpAddress,Caution and advice
3844,pacific tsunami warning center cancels warnings for chile peru after httpAddress earthquake off chile httpAddress,Caution and advice
3845,tsunami waves hit chile after earthquake httpAddress via usrId,Caution and advice
3846,no us tsunami threat from chile aftershock httpAddress,Caution and advice
3847,a 7.8 magnitude earthquake has struck off chile s coast ; usgs media,Caution and advice
3848,chile s navy says 1st tsunami waves reach chilean coastline following httpAddress earthquake httpAddress httpAddress,Caution and advice
3849,usrId httpAddress tsunami warning in effect for chile peru after magnitude 7.8 earthquake off northern chile ptwc httpAddress,Caution and advice
3850,chile leader evacuates as second big quake strikes a powerful 7.6 magnitude earthquake has rocked northern httpAddress httpAddress,Caution and advice
3851,tsunami waves hit chile after httpAddress,Caution and advice
3852,tat s D min news DD earthquake m8 D 99km nw of iquique chile DD httpAddress via usrId,Caution and advice
3853,#mideast new earthquake in chile prompts tsunami alerts httpAddress,Caution and advice
3854,chile s navy cancels tsunami alert following 7.6 quake #newslocker httpAddress,Caution and advice
3855,white earthquake alert magnitude httpAddress httpAddress in chile httpAddress 06 16 utc about DD people httpAddress httpAddress,Caution and advice
3856,httpAddress offshore tarapaca chile depth httpAddress apr 03 DD 01 58 31 utc apr 02 DD 21 58 31 at epicenter httpAddress,Caution and advice
3857,chile s navy canceled tsunami alert for all of the coastline following a strong 7.6 magnitude quake off the north of the country reuters,Caution and advice
3858,chile s navy cancels tsunami alert following 7.6 quake reuters irish independentchile s navy cancels httpAddress httpAddress,Caution and advice
3859,chile hit by second powerful earthquake a httpAddress quake triggers landslides and prompts a new round of .. httpAddress,Caution and advice
3860,#earthquake chile chile lifts tsunami alert after new earthquake httpAddress #crisismanagement,Caution and advice
3861,"cancelan parcialmente alerta de tsunami en chile compartir
twittear ! function d s id var httpAddress",Caution and advice
3862,orange earthquake alert magnitude httpAddress depth 40km in chile httpAddress 02 43 utc DD people within httpAddress httpAddress,Caution and advice
3863,#bb4sp powerful earthquake strikes off chile triggers tsunami httpAddress,Caution and advice
3864,#chile s navy cancels #tsunami alert following 7.6 #quake httpAddress,Caution and advice
3865,cnn breaking news usgs upgrades chile quake to httpAddress tsunami warning and watch in place for the httpAddress httpAddress,Caution and advice
3866,#chile hit by 8.2 #earthquake #tsunami warning issued httpAddress,Caution and advice
3867,#chile hit by 8.2 #earthquake #tsunami warning issued httpAddress,Caution and advice
3868,deadly earthquake hits chile prompts tsunami warning httpAddress,Caution and advice
3869,small tsunami waves have arrived on the california coast after the 8.2 earthquake that struck chile s httpAddress httpAddress,Caution and advice
3870,powerful earthquake #strikes off chile triggers tsunami cnn an httpAddress earthquake struck off httpAddress httpAddress,Caution and advice
3871,arrl hams on alert in wake of chile earthquake httpAddress #hamr,Caution and advice
3872,8.0 earthquake chile pacific tsunami httpAddress httpAddress httpAddress #chile,Caution and advice
3873,indonesia lifts tsunami warning after chile s quake cctv httpAddress,Caution and advice
3874,httpAddress httpAddress earthquake strikes chile tsunami warnings were issued httpAddress httpAddress #chile,Caution and advice
3875,chile earthquake DD 8.2 magnitude earthquake strikes chile tsunami warning httpAddress httpAddress #chile,Caution and advice
3876,massive 8.2 earthquake off chile coast sparks tsunami httpAddress httpAddress #chile,Caution and advice
3877,chile mega quake 8.2 tsunami warnings httpAddress httpAddress #chile,Caution and advice
3878,8.0 chile quake causes 7ft tsunami ! over DD aftershocks D killed and disaster zones ! httpAddress,Caution and advice
3879,earthquake in chile 8.2 magnitude quake sparks tsunami warning httpAddress httpAddress #chile,Caution and advice
3880,tsunami chile !! earthquake amazing footages DD httpAddress httpAddress #chile,Caution and advice
3881,#earthquake #sismo m httpAddress near coast of northern chile 2014 04 15 16 54 21 httpAddress httpAddress DD km m httpAddress,Caution and advice
3882,4.7 magnitude httpAddress DD km from iquique #tarapaca chile httpAddress,Caution and advice
3883,8.0 earthquake chile prompts tsunami evacuations and chaos httpAddress httpAddress #chile,Caution and advice
3884,earthquake earthquake of 8.2 magnitude strikes off chile coast tsunami warning issued httpAddress httpAddress,Caution and advice
3885,#usgs #breaking m httpAddress 86km wnw of iquique chile httpAddress #pasthour #48 #earthquake #tsunami #prayfromjapan,Caution and advice
3886,genkjw i feel stupid donating money to disaster recovery when i could have just thought about them and tweeted #prayforchile yes !,Donations and volunteering
3887,usrId usrId will there be fundraising for chile s quake and tsunami ?,Donations and volunteering
3888,at least five dead more than DD fishing vessels destroyed in 8.2 #quake off #chile,Infrastructure and utilities
3889,massive quake in chile update thousands return home limited damages D dead httpAddress #chileearthquake #chilequake,Infrastructure and utilities
3890,#chile updt aftr quake 900k return D coast ; damage httpAddress httpAddress via usrId,Infrastructure and utilities
3891,massive earthquake but little damage in chile iquique chile hard won expertise and a big dose of luck httpAddress httpAddress,Infrastructure and utilities
3892,#chile #quake #aftermath #video buildings cracked cars smashed boats washed up httpAddress #earthquakechile #earthquake,Infrastructure and utilities
3893,damage from chile earthquake far less severe than feared chilean president michelle bachelet toured httpAddress httpAddress,Infrastructure and utilities
3894,experts strict building codes saved lives in powerful chile earthquake cnn httpAddress,Infrastructure and utilities
3895,httpAddress chile earthquake leaves european southern observatory eso telescopes undamaged chile earthquake,Infrastructure and utilities
3896,experts strict building codes saved lives in powerful chile earthquake cnn cnnexperts strict httpAddress httpAddress usrId,Infrastructure and utilities
3897,experts strict building codes saved lives in powerful chile earthquake nurdin budi mustofa httpAddress,Infrastructure and utilities
3898,httpAddress aftershock strikes off coast of chile usgs says fishing boats lie damaged by a small httpAddress httpAddress,Infrastructure and utilities
3899,a diver walks between boats washed inland after a tsunami hit the northern port of iquique httpAddress,Infrastructure and utilities
3900,photos these images that capture destruction left behind after chile s powerful earthquake httpAddress,Infrastructure and utilities
3901,the destruction left behind after chile s earthquake photos httpAddress,Infrastructure and utilities
3902,the destruction left behind after chile s earthquake photos httpAddress,Infrastructure and utilities
3903,some services restored in northern chile after earthquake via httpAddress httpAddress,Infrastructure and utilities
3904,earthquake aftermath in chile httpAddress #photography #arts,Infrastructure and utilities
3905,powerful httpAddress earthquake off chile kills at least 5 forces evacuations httpAddress,Affected individuals
3906,tsunami triggering earthquake strikes chile kills 5 releases 300prisoners httpAddress,Affected individuals
3907,magnitude 8.3 earthquake causing D person s httpAddress #prayforchile,Affected individuals
3908,#googlenews at least five dead as earthquake strikes near northern chile wall street journal montreal httpAddress httpAddress,Affected individuals
3909,8.2 earthquake hits chile killing D and displacing 80 00 httpAddress,Affected individuals
3910,httpAddress earthquake off chile s northern coast kills 5 prompts tsunami httpAddress httpAddress,Affected individuals
3911,five dead as magnitude 8.2 quake hits northern chile a powerful httpAddress earthquake struck off httpAddress httpAddress,Affected individuals
3912,chile earthquake at least five dead as president declares northern disaster zone abc radio australia httpAddress,Affected individuals
3913,D killed as huge 8.2 earthquake off chile coast triggerstsunami httpAddress,Affected individuals
3914,five killed and tens of thousands evacuated as huge earthquake hits chile httpAddress httpAddress,Affected individuals
3915,D dead as magnitude 8.2 #earthquake hits northern #chile httpAddress,Affected individuals
3916,five dead and #tsunami watch in effect for chile where an 8.2 earthquake hit off the httpAddress details now on #newsatsunrise,Affected individuals
3917,five dead as magnitude 8.2 earthquake hits northern chile httpAddress,Affected individuals
3918,4rt usrId interior minister D deaths reported in httpAddress earthquake that hit off coast of northern httpAddress httpAddress,Affected individuals
3919,major earthquake rocks chile s northern coast killing at least five people forcing hundreds of thousands to evacuate httpAddress,Affected individuals
3920,D dead after powerful quake strikes off chile s coast httpAddress,Affected individuals
3921,five dead after 8.2 magnitude earthquake off coast of #chile amp ; httpAddress the latest on the aftermath all morning on usrId,Affected individuals
3922,#chile #earthquake sparks #tsunamiwarning and evacuation of thousands httpAddress deaths reported and people on coast httpAddress,Affected individuals
3923,via usrId chile hit by tsunami at least five dead as huge waves triggered by .. httpAddress #twisters #teaparty,Affected individuals
3924,a magnitude 8.2 earthquake strikes chile killing D httpAddress now the region s feeling httpAddress read more here httpAddress,Affected individuals
3925,#anews chilean interior minister D people dead after magnitude 8.2 earthquake strikes off coast of chile,Affected individuals
3926,latest news major earthquake off shore of chile kills 5 ; prompts coastal evacuations httpAddress #latism #radio #latism #miami,Affected individuals
3927,#chileearthquake update chilean interior minister reports six dead state of emergency declared for parts of northern httpAddress via usrId,Affected individuals
3928,powerful httpAddress earthquake off chile kills at least 5 . httpAddress hope there is no #tsunami anywhere !,Affected individuals
3929,new this morning at least D people are dead after the massive httpAddress quake in #chile,Affected individuals
3930,#news update D people killed by earthquake off chile s coast httpAddress #breaking #bn,Affected individuals
3931,update D people killed by earthquake off chile s coast usrId httpAddress,Affected individuals
3932,usrId earthquake in chile at least two deaths httpAddress luis andres henao associated httpAddress httpAddress,Affected individuals
3933,update D people killed by earthquake off chile s coast usrId httpAddress,Affected individuals
3934,number of dead rises to D after 8.2 earthquake in httpAddress numbers remarkably low so far as country is httpAddress httpAddress,Affected individuals
3935,update D people killed by earthquake off chile s coast usrId,Affected individuals
3936,#chile quake D die DD women escape #prison apr D 8 37 am et httpAddress,Affected individuals
3937,massive earthquake kills at least D people in httpAddress httpAddress,Affected individuals
3938,#antonsolamente powerful earthquake kills D in chile santiago apr D httpAddress a httpAddress httpAddress #antonsolamente,Affected individuals
3939,powerful earthquake kills D in chile santiago apr D httpAddress a httpAddress earthquake hit northern chile httpAddress httpAddress,Affected individuals
3940,authorities lift tsunami threat after 8.2 quake kills D in northern chile regina leader post httpAddress,Affected individuals
3941,breaking news update D people killed by earthquake off chile s coast usrId httpAddress,Affected individuals
3942,the massive 8.2 earthquake that struck the coastal region of chile last night killed D httpAddress more info httpAddress httpAddress,Affected individuals
3943,authorities lift tsunami threat after 8.2 quake kills D in northern chile santiago chile httpAddress httpAddress #calgaryherald,Affected individuals
3944,six people now confirmed dead in earthquake off northern httpAddress #cnn #breaking,Affected individuals
3945,newslife one global village 8.2 quake hits #chile ; D dead 10 httpAddress,Affected individuals
3946,ptvph newslife one global village 8.2 quake hits #chile ; D dead 10 httpAddress,Affected individuals
3947,#chile 8.2 quake leaves D dead causes less damage than feared 39 of DD prisoners who escaped still at large httpAddress,Affected individuals
3948,thetopstory april 02 httpAddress httpAddress quake hits north coast off #chile five confirmed dead httpAddress,Affected individuals
3949,httpAddress D deaths reported after chile s httpAddress earthquake httpAddress,Affected individuals
3950,#chile #earthquake authorities relieved at apparent low levels of casualties httpAddress six reported dead and only light httpAddress,Affected individuals
3951,chile earthquake toll rises to D httpAddress,Affected individuals
3952,chile earthquake D dead aftershocks continue httpAddress,Affected individuals
3953,chile earthquake death toll rises to five caboolturenews httpAddress,Affected individuals
3954,chile hit by tsunami at least five dead and DD female prisoners escape as huge waves triggered by httpAddress httpAddress,Affected individuals
3955,eagle httpAddress six dead because of earthquake in chile httpAddress,Affected individuals
3956,only like D people died in that 8.2 earthquake in chile niggas immortal and shit,Affected individuals
3957,D dead after powerful quake strikes off chile s coast a powerful earthquake with a preliminary magnitude of httpAddress httpAddress,Affected individuals
3958,we are country with a seismic culture but still D lives are D too httpAddress also terrible when people lose their httpAddress #prayforchile,Affected individuals
3959,chile earthquake claims D lives ; quick response praised httpAddress httpAddress,Affected individuals
3960,at least D dead in powerful chile earthquake,Affected individuals
3961,httpAddress chile tsunami alert quake kills six chile earthquake,Affected individuals
3962,update 8.2 chile earthquake video D dead tsunami warning for chile peru and ecuador httpAddress httpAddress #peru,Affected individuals
3963,DD chile earthquake httpAddress quake sparks fires kills six tsunami .. a powerful httpAddress httpAddress,Affected individuals
3964,update 8.2 chile earthquake video D dead tsunami warning for chile peru and ecuador httpAddress httpAddress #peru,Affected individuals
3965,five killed in 8.2 magnitude quake in chile httpAddress httpAddress #chile,Affected individuals
3966,residents flee 8.2 magnitude earthquake strikes northern chile httpAddress,Other Useful Information
3967,8 2 sr earthquake and tsunami #prayforchile,Other Useful Information
3968,chile earthquake deadly httpAddress temblor rocks coast httpAddress,Other Useful Information
3969,#prayforchile shows up at this time as trend in united kingdom httpAddress,Other Useful Information
3970,D hrs since the huge earthquake in chile and over DD aftershocks over 3.0 utterly impressed at how calmly people are handling the disaster,Other Useful Information
3971,chile had about a total of DD earthquakes all in one day and still in httpAddress they are getting hit left amp ; httpAddress #prayforchile,Other Useful Information
3972,equity futures spike on chile earthquake usdjpy momentum ignition httpAddress,Other Useful Information
3973,the pictures of the evacuation in chile are pretty httpAddress our best wishes httpAddress,Other Useful Information
3974,#teampapii people flee as 8.2 magnitude earthquake strikes northern chile httpAddress unete usrId,Other Useful Information
3975,people flee as 8.2 magnitude earthquake strikes northern chile httpAddress,Other Useful Information
3976,telegraph people flee as 8.2 magnitude earthquake strikes northern chile httpAddress,Other Useful Information
3977,incredible video shows tsunami as it spreads across pacific ocean following chile earthquake httpAddress httpAddress,Other Useful Information
3978,"chile earthquake trending today

a major earthquake of magnitude 8.2 struck off the coast of chile on httpAddress httpAddress",Other Useful Information
3979,unbelievable img larryferlazzo rt usrId evacuation in progress after tsunami warning in iquique httpAddress httpAddress,Other Useful Information
3980,update 10 huge earthquake off chile s north coast triggers tsunami httpAddress,Other Useful Information
3981,httpAddress more than 900 00 people evacuated in chile after quake tsunami alert httpAddress #tropa,Other Useful Information
3982,#chile #peru border remains closed as DD inmates escaped from a women s prison in the city of httpAddress in arica taking advantage of #quake,Other Useful Information
3983,davidnelsonnews nearly a million people forced to evacuate after earthquake off chiles coast httpAddress,Other Useful Information
3984,teachable moment magnitude 8.2 earthquake offshore chile httpAddress,Other Useful Information
3985,northern chile waking up after an 8 2 httpAddress city is httpAddress warning has been httpAddress santiago ok txs to all for msgs,Other Useful Information
3986,earthquake m httpAddress near coast of northern chile 2014 04 02 11 07 31 httpAddress httpAddress DD km a httpAddress,Other Useful Information
3987,rt usrId mt usrId teachable moment magnitude 8.2 earthquake offshore httpAddress httpAddress available at httpAddress,Other Useful Information
3988,earthquake m httpAddress near coast of northern chile 2014 04 02 11 11 38 httpAddress httpAddress DD km a httpAddress,Other Useful Information
3989,mag 8.2 #quake hits #chile as koreas trade fire httpAddress,Other Useful Information
3990,toll mounts in wake of chile quake the 8.2 magnitude earthquake that hit northern chile and triggered a tsunami .. httpAddress,Other Useful Information
3991,chile 8.2 earthquake cctv video httpAddress,Other Useful Information
3992,chile had a 8.2 earthquake smh,Other Useful Information
3993,major earthquake off shore of chile kills 5 ; prompts coastal evacuations authorities kept hundreds of httpAddress httpAddress,Other Useful Information
3994,#earthquakechile #prayforchile earthquake measuring 8.2 on the richter scale hits chile httpAddress via usrId #prayforchile,Other Useful Information
3995,nearly one million residents were forced to evacuate following earthquake off chiles coast httpAddress hope their httpAddress,Other Useful Information
3996,usrId 8.2 earthquake ! wed apr DD 06 46 46 wib DD near 95km nw of iquique chile httpAddress,Other Useful Information
3997,#powerful earthquake rattles northern chile #printdeals httpAddress,Other Useful Information
3998,powerful earthquake rattles northern chile httpAddress,Other Useful Information
3999,wow ! rt usrId DD httpAddress aftershocks so far off northern chile following major httpAddress #earthquake last night httpAddress,Other Useful Information
4000,an httpAddress earthquake struck off the coast of northern httpAddress geologist expect a larger quake but unsure httpAddress today or in 50yrs ?,Other Useful Information
4001,powerful earthquake rattles northern chile,Other Useful Information
4002,powerful httpAddress earthquake rocks chile 900k evacuated httpAddress,Other Useful Information
4003,8.2 earthquake effects chile peru ecuador colombia panama costa rica and .. httpAddress,Other Useful Information
4004,nasa eo mt usrId teachable moment magnitude 8.2 earthquake offshore httpAddress httpAddress available at httpAddress,Other Useful Information
4005,hundreds of inmates escape after 8.2 earthquake hits #chile . httpAddress,Other Useful Information
4006,earthquake m httpAddress near coast of northern chile 2014 04 02 13 00 57 httpAddress httpAddress DD km a httpAddress,Other Useful Information
4007,powerful earthquake kills D in chile santiago apr D httpAddress a httpAddress earthquake hit northern chile httpAddress httpAddress,Other Useful Information
4008,powerful earthquake kills D in chile santiago apr D httpAddress a httpAddress earthquake hit northern chile httpAddress httpAddress,Other Useful Information
4009,earthquake aftershocks rattle northern chile wall street journal wall street journalearthquake aftershocks .. httpAddress,Other Useful Information
4010,earthquake aftershocks rattle northern chile wall street journal httpAddress httpAddress,Other Useful Information
4011,8.2 earthquake rattles chiles mining hub ports world prices for copper jumped as the quake in the world s httpAddress httpAddress,Other Useful Information
4012,#googlenews earthquake aftershocks rattle northern chile wall street journal wall street journalearthquake .. httpAddress,Other Useful Information
4013,followme gt ; #wascarx7 earthquake aftershocks rattle northern chile wall street journal .. httpAddress followme gt ; #wascarx7,Other Useful Information
4014,#patricknetwork earthquake aftershocks rattle northern chile wall street journal wall httpAddress httpAddress #patricknetwork,Other Useful Information
4015,earthquake aftershocks rattle northern chile wall street journal wall street journalearthquake aftershocks .. httpAddress,Other Useful Information
4016,chile rocked by 8.2 earthquake httpAddress,Other Useful Information
4017,8.2 earthquake rocks chile httpAddress httpAddress httpAddress,Other Useful Information
4018,o o . . . #tsunami animation northern chile httpAddress,Other Useful Information
4019,raw video httpAddress earthquake sends people scrambling in northern chile httpAddress,Other Useful Information
4020,rat raw video httpAddress earthquake sends people scrambling in northern chile httpAddress,Other Useful Information
4021,always amazed at how powerful nature is ; here is a map of waves spreading across the pacific from the chile quake httpAddress,Other Useful Information
4022,now on rivet #chileearthquake sets off httpAddress get the app at httpAddress,Other Useful Information
4023,tune in latest news on #chile #earthquake with D nieman alumni on usrId at DD est usrId amp ; usrId,Other Useful Information
4024,usrId i am not in chile but the news in my country said tsunami attack is gonna arrive at DD provinces in indonesia tomorow morning,Other Useful Information
4025,no disruptions at #chile #coppermines after 8.2 #earthquake usrId httpAddress,Other Useful Information
4026,the latest video and info on the #chile #earthquake on #7news at httpAddress usrId httpAddress,Other Useful Information
4027,the president of usrId in #chile is at our hq reaching out to his local contacts to assess needs after the httpAddress stay httpAddress,Other Useful Information
4028,major #earthquake slams #chile s coast httpAddress #video,Other Useful Information
4029,update 2 chile assesses damage after massive quake tsunami adds context on region peru aftershocks insurer .. httpAddress,Other Useful Information
4030,mt usrId weird coincidence #chile s president faced major quake less than D wks b4 leaving office gets a big one after D wks back,Other Useful Information
4031,chile leader evacuates as second big quake strikes a powerful 7.6 magnitude earthquake has rocked northern httpAddress httpAddress,Other Useful Information
4032,chile s president offers government support to tuesday s earthquake victims httpAddress,Other Useful Information
4033,8.2 earthquake hits chile D dead DD prisoners free httpAddress #uspolitics via httpAddress,Other Useful Information
4034,chile s coast evacuated again after second strong earthquake httpAddress,Other Useful Information
4035,another big earthquake has occurred in chile magnitude httpAddress evacuation efforts have httpAddress,Other Useful Information
4036,httpAddress #aftershock strikes off coast of #chile usgs says httpAddress #world #news,Other Useful Information
4037,whats happening in the nation of chile it wont stop trembling i think thats where the world s biggest earthquake to date took place,Other Useful Information
4038,chile s coast struck by strong aftershock a day after earthquake #newslocker httpAddress,Other Useful Information
4039,it s been a rough one for chile to earthquake s in two httpAddress first quake 8.2 and second httpAddress thoughts are with all of those suffering,Other Useful Information
4040,get ready D #thebigone usrId httpAddress earthquake struck off coast of chile tonight usrId says day after 8.2 quake rocked httpAddress,Other Useful Information
4041,the earthquake and aftershocks in chile have all been centered in same area and close to the httpAddress a 4.9 just hit far away and 5x as deep,Other Useful Information
4042,mag 5.7 offshore tarapaca chile httpAddress 05 51 45 httpAddress #earthquake #seismic #quake,Other Useful Information
4043,tsunami fears recede after powerful chile earthquake httpAddress #news,Other Useful Information
4044,chile s huge earthquake tsunami and the disastrous response httpAddress via usrId,Other Useful Information
4045,an image of where the httpAddress earthquake hit httpAddress httpAddress #langleypark #abcnews #perthnews #perth via usrId,Other Useful Information
4046,usrId httpAddress earthquake struck off coast of chile tonight usrId says day after 8.2 quake rocked httpAddress f,Other Useful Information
4047,8.2 #earthquake in #chile #earthquakechile,Other Useful Information
4048,a powerful 7.6 magnitude #earthquake has rocked northern #chile just over DD hours after an 8.2 tremor httpAddress httpAddress,Other Useful Information
4049,#chile earthquake new zealand woman rachel lilburn recalls experience of 8.2 magnitude quake httpAddress #aftershock,Other Useful Information
4050,link #chile s #earthquake on tue creating a tsunami may not be the big one predicted for the region httpAddress usrId,Other Useful Information
4051,emsc httpAddress apr 03 06 54 28 utc offshore tarapaca chile httpAddress httpAddress #quake httpAddress,Other Useful Information
4052,#teamfollowback #rt preparation good luck help chile avoid disaster in big earthquake httpAddress,Other Useful Information
4053,chile earthquake DD amazing footages terremoto en chile ! tsunami httpAddress httpAddress #chile,Other Useful Information
4054,every DD to DD minutes an earthquake in the area #chileearthquake #chileterremoto #chiletsunami #chile httpAddress,Other Useful Information
4055,national small tsunami waves reach japan after chile quake small tsunami waves hit northern japan early httpAddress httpAddress,Other Useful Information
4056,usrId jg i m reporting from northern chile after earthquake 8.2 day httpAddress we are well please say a prayer for our httpAddress,Other Useful Information
4057,earthquake ! ml 4.7 offshore tarapaca chile httpAddress,Other Useful Information
4058,another earthquake in httpAddress 7.8 httpAddress httpAddress,Other Useful Information
4059,chile president flees as strong earthquake strikes country httpAddress,Other Useful Information
4060,so if the leader flees how about his pplrt 233livenews chile president flees as strong earthquake strikes country httpAddress,Other Useful Information
4061,new evacuations in chile after major earthquake aftershock httpAddress,Other Useful Information
4062,another earthquake in httpAddress 7.8 httpAddress submitted by stuffonastick to science link 37 comments httpAddress,Other Useful Information
4063,usrId 7.6 aftershock strikes off chile the death toll from a powerful httpAddress earthquake that struck httpAddress usrId,Other Useful Information
4064,skynews chile hit by second powerful earthquake httpAddress,Other Useful Information
4065,earthquake update m 6.1 offshore tarapaca chile magnitude m httpAddress offshore tarapaca chiledate httpAddress httpAddress,Other Useful Information
4066,another earthquake in httpAddress 7.8 httpAddress httpAddress,Other Useful Information
4067,raw 8.0 earthquake strikes chile triggers tsunami for chile peru and httpAddress httpAddress via usrId,Other Useful Information
4068,chile hit by second powerful earthquake httpAddress #shoutnews,Other Useful Information
4069,emsc httpAddress apr 03 07 15 42 utc offshore tarapaca chile httpAddress httpAddress #quake httpAddress,Other Useful Information
4070,chile well prepared for big earthquake httpAddress,Other Useful Information
4071,earthquake m httpAddress 73km sw of iquique chile thursday april 03 DD 06 54 31 utc thursday april 03 httpAddress httpAddress,Other Useful Information
4072,earthquake ! ml 4.4 offshore tarapaca chile httpAddress,Other Useful Information
4073,#reddit another earthquake in httpAddress 7.8 httpAddress httpAddress,Other Useful Information
4074,another earthquake in httpAddress 7.8 httpAddress httpAddress,Other Useful Information
4075,usrId it s really hazy and everything s covered in dust ! still nothing like as bad as tsunami alerts in chile and peru !,Other Useful Information
4076,chile earthquake DD amazing footages terremoto en chile ! tsunami httpAddress via usrId,Other Useful Information
4077,local students in chile share experiences from earthquake httpAddress,Other Useful Information
4078,chile earthquake unleashes tsunami and sensors track it yahoonews httpAddress,Other Useful Information
4079,chile s earthquake status as of april 3 DD gmt 8 httpAddress,Other Useful Information
4080,httpAddress earthquake struck off coast of chile tonight usrId says day after 8.2 quake rocked httpAddress,Other Useful Information
4081,a powerful 7.6 magnitude earthquake has rocked northern chile just over DD hours after an 8.2 tremor killed six httpAddress,Other Useful Information
4082,#ghdiplomat earthquakes in #chile amp ; small tsunami in #japan are underlying the seriousness of the #un s DD #climatechange predictions,Other Useful Information
4083,shared earthquake 40km sw of iquique chile at DD april httpAddress,Other Useful Information
4084,earthquake m 4.8 96km wnw of iquique chile dyfi ? itime2014 04 03 08 28 51 utc2014 04 03 03 28 51 httpAddress httpAddress,Other Useful Information
4085,chile earthquake rush to evacuate coast after tsunami warning live httpAddress president bachelet said she httpAddress httpAddress,Other Useful Information
4086,ph monitoring tsunami threat from chile quake httpAddress,Other Useful Information
4087,earthquake chile terremoto en santiago tsunami alert quake live httpAddress via usrId,Other Useful Information
4088,#chile struck by 7.8 #aftershock followign massive 8.2 httpAddress httpAddress,Other Useful Information
4089,8.2 magnitude earthquake in chile ! httpAddress httpAddress #chile,Other Useful Information
4090,fukushima japan earthquake coming ? new ufos another chile earthquake april2 DD D httpAddress httpAddress #japan,Other Useful Information
4091,emsc httpAddress apr 03 09 08 58 utc offshore tarapaca chile httpAddress httpAddress #quake httpAddress,Other Useful Information
4092,aftershock rocks chile one day after deadly earthquake httpAddress,Other Useful Information
4093,residents who have fled their homes sleep on an open street in iquique #chile after a powerful #earthquake measu httpAddress,Other Useful Information
4094,chile earthquake aftershock and httpAddress the worst is yet to come,Other Useful Information
4095,#chileearthquake #aftershock httpAddress #chileearthquakeandtsunami,Other Useful Information
4096,usa news httpAddress hot news DD chile earthquake massive chile earthquake may not be the quotbig onequot janinebucks okla,Other Useful Information
4097,the aftermath of chile s earthquake httpAddress httpAddress,Other Useful Information
4098,amateur radio chile earthquake ham radio activation the radio club de chile has been httpAddress httpAddress #hamradio #hamr,Other Useful Information
4099,tech talk with chenda ngak chile earthquake do bigger tremors loom ? httpAddress,Other Useful Information
4100,the aftermath of chile s earthquake httpAddress,Other Useful Information
4101,watch northern chile hit by new httpAddress httpAddress,Other Useful Information
4102,could a larger earthquake await chile ? la times httpAddress la respuesta httpAddress #nowonder httpAddress,Other Useful Information
4103,8.2 earthquake in httpAddress httpAddress,Other Useful Information
4104,there have been #57 #earthquakes of magnitude 4.5 or higher in #chile this #week alexis c . madrigal the atlantic httpAddress,Other Useful Information
4105,natural disaster and democratic legitimacy the public opinion consequences of chiles DD earthquake and tsunami httpAddress,Other Useful Information
4106,usrId yes in chile south of iquique iquique was a peruvian city until 1879 yes it was dangerous i had tsunami warning,Other Useful Information
4107,watch httpAddress earthquake rocks chile surrounding countries #newslocker httpAddress,Other Useful Information
4108,chile earthquake chile its geography climate earthquakes government social condition mineral and agricultural httpAddress,Other Useful Information
4109,ml 3.9 offshore tarapaca chile magnitudeml httpAddress tarapaca chiledate time2014 04 03 httpAddress httpAddress,Other Useful Information
4110,more than DD aftershocks have shaken northern #chile since 8.2 httpAddress largest recorded at 7.6 last night #chileearthquake,Other Useful Information
4111,#dutchsinse he breaks down the info D u httpAddress second large httpAddress #earthquake strikes chile httpAddress,Other Useful Information
4112,live earthquake chile lastnight,Other Useful Information
4113,chile earthquake moment caught oncamera httpAddress,Other Useful Information
4114,more than DD aftershocks have shaken northern #chile since 8.2 httpAddress largest recorded at 7.6 last night #chileearthquake,Other Useful Information
4115,"another earthquake in chile last night
my god ! #chileearthquake #chile #prayforchile",Other Useful Information
4116,chile earthquake do bigger tremors loom ? httpAddress,Other Useful Information
4117,#usa httpAddress # #powerful httpAddress #earthquake #off #chile #kills #at #least 5 #forces #evacuations #a #powerful #mag,Other Useful Information
4118,usrId usrId not only #latinamerica but this complete hemisphere needs to unite on httpAddress from #canada to #chile #mexico amp ; #pr,Other Useful Information
4119,video first images from 8.3 earthquake in chile httpAddress #tcot #tlot #tgdn,Other Useful Information
4120,usrId did you hear that most likely california is going to have an earthquake soon because of the one in chile ?,Other Useful Information
4121,chile earthquake do bigger tremors loom ? httpAddress via usrId,Other Useful Information
4122,earthquake in chile httpAddress via usrId,Other Useful Information
4123,new #crisismapping tool from usrId using aidr to collect and analyze tweets from #chileearthquake httpAddress,Other Useful Information
4124,watch animation of the tsunami resulting from earthquake in northern chile on D april 20D4 httpAddress,Other Useful Information
4125,chile earthquake strict building rules may keep death toll low httpAddress,Other Useful Information
4126,#chile #earthquake shakes up world #copper prices fox news latino httpAddress via usrId #industrial #metals #mining,Other Useful Information
4127,chilling tsunami animation of the earthquake in chile by the ptwc httpAddress,Other Useful Information
4128,#aluminum rises to DD high on global supply concerns via usrId httpAddress,Other Useful Information
4129,northern chile 8.2 earthquake strikes in mall httpAddress via usrId,Other Useful Information
4130,abc world news now deadly earthquake strikes off chile s coast watch httpAddress,Other Useful Information
4131,elf chile 8.2 earthquake chile 8.2 earthquake fresh off the heels of a httpAddress earthquake off the httpAddress httpAddress,Other Useful Information
4132,earthquake and tsunami in chile effective regional cooperation and preparedness saves httpAddress un educational httpAddress,Other Useful Information
4133,the #iquique #chile #earthquake from the perspective of a paleoseismologiest httpAddress,Other Useful Information
4134,usrId strict building codes and earthquake preparedness saves lives and livelihoods #chileearthquake httpAddress,Other Useful Information
4135,phew gt ; #earthquake in #chile spares #wine regions httpAddress via usrId usrId,Other Useful Information
4136,#israeli startup helps save lives after earthquake #chileearthquake amp ; #chiletsunami via usrId usrId httpAddress,Other Useful Information
4137,yesterday chile got another earthquake poor people from arica chile luckily they didn t have a httpAddress,Other Useful Information
4138,earthquake reports re httpAddress 120km wnw of iquique chile httpAddress 99km wsw of iquique chile httpAddress httpAddress,Other Useful Information
4139,#chile has over the years implemented strict building codes and rigorous evacuation plans experts httpAddress,Other Useful Information
4140,world earthquake today in chile,Other Useful Information
4141,earthquake D mb DD km wsw of iquique chile earthquakes today httpAddress,Other Useful Information
4142,earthquake off the coast of chile a powerful 8.2 magnitude earthquake hit the chile coast late april D that httpAddress httpAddress,Other Useful Information
4143,photo residents camp out near iquique after a second earthquake measuring 7.6 rocks northern chile httpAddress,Other Useful Information
4144,residents camp out near iquique after a second earthquake measuring 7.6 rocks northern chile photo via afp httpAddress,Other Useful Information
4145,rt usrId photo residents camp out near iquique httpAddress httpAddress #chile #pacific #earthquake #tsunami #antofagasta via usrId,Other Useful Information
4146,earthquake off the coast of chile a powerful 8.2 magnitude earthquake hit the chile coast late april D that caused a small httpAddress ..,Other Useful Information
4147,via usrId photo residents camp out near iquique after a second earthquake measuring 7.6 rocks northern chile httpAddress,Other Useful Information
4148,another powerful quake rocks northern #chile nbc httpAddress httpAddress usrId DD stories i hope you re safe,Other Useful Information
4149,a large earthquake of magnitude 8.5 strikes off chiles coast a large earthquake of magnitude 8.5 strikes httpAddress httpAddress,Other Useful Information
4150,rt usrId wow x 2 davidmarcus wow from usrId terrifying animation shows how chile tsunami spread pacific httpAddress,Other Useful Information
4151,httpAddress DD chile earthquake chile earthquake httpAddress quake sparks fires kills six tsu httpAddress,Other Useful Information
4152,wa needs a seismic school retrofit program httpAddress another warning for the northwest from chiles earthquake hot zone httpAddress,Other Useful Information
4153,abc world news now deadly earthquake strikes off chile s coast watch httpAddress,Other Useful Information
4154,abc world news now deadly earthquake strikes off chile s coast watch httpAddress,Other Useful Information
4155,chile earthquake charlie rose sebastin piera president of chile httpAddress a look at iran september 23 2010 dvd http httpAddresshttpAddresst . cohttpAddress4xwitg8fmg,Other Useful Information
4156,massive 8.0 earthquake strikes off the coast of chile a massive 8.0 magnitude earthquake according to the httpAddress httpAddress,Other Useful Information
4157,strange events before amp ; after earthquakes after the DD chile earthquake people started to httpAddress httpAddress #,Other Useful Information
4158,chile begins assessing damage from earthquake httpAddress httpAddress #chile,Other Useful Information
4159,chile earthquake how loss of life damage was minimized httpAddress,Other Useful Information
4160,terrifying animation shows how chile s tsunami took over the entire pacific .. wired httpAddress,Other Useful Information
4161,earthquake off the coast of chile httpAddress,Other Useful Information
4162,httpAddress off the coast of tarapaca chile depth httpAddress apr 05 DD 02 05 45 utc apr 04 DD 21 05 45 at epicenter httpAddress,Other Useful Information
4163,chile earthquake how loss of life damage was minimized httpAddress,Other Useful Information
4164,httpAddress off the coast of tarapaca chile depth httpAddress apr 05 DD 02 17 18 utc apr 04 DD 21 17 18 at epicenter httpAddress,Other Useful Information
4165,mb 4.3 off coast of tarapaca chile magnitudemb httpAddress coast of tarapaca chiledate httpAddress httpAddress,Other Useful Information
4166,emsc httpAddress apr 05 02 17 18 utc off coast of tarapaca chile httpAddress httpAddress #quake httpAddress,Other Useful Information
4167,earthquake off the coast of chile photos the big picture httpAddress,Other Useful Information
4168,terrifying animation shows how chiles tsunami took over the entire pacific ocean science wired httpAddress,Other Useful Information
4169,felt #earthquake httpAddress strikes DD km nw of #santiago #chile DD min httpAddress please report to httpAddress httpAddress,Other Useful Information
4170,powerful earthquake hits off chile triggers tsunami disaster declared httpAddress httpAddress httpAddress #chile,Other Useful Information
4171,qu ? bec can montr ? al httpAddress DD chile earthquake how loss of life damage was minimized chile earthquake vanisan24 #and,Other Useful Information
4172,terrifying animation shows how chiles tsunami took over the entire pacific httpAddress,Other Useful Information
4173,chile s president michelle bachelet among evacuees as second earthquake hits video httpAddress httpAddress #chile,Other Useful Information
4174,woman walks with children amid debris after earthquake and tsunami hit northern chile httpAddress,Other Useful Information
4175,new massive httpAddress httpAddress httpAddress 6.2 quakes strike chile after monster 8.3 tsunami alert httpAddress httpAddress,Other Useful Information
4176,powerful earthquake strikes off chile triggers tsunami breaking news D april D014 httpAddress httpAddress #chile,Other Useful Information
4177,inmates escape after chile earthquake httpAddress,Other Useful Information
4178,inmates escape after chile earthquake cnn s rafael romo reports on the aftermath of an httpAddress httpAddress httpAddress,Other Useful Information
4179,4.8 magnitude httpAddress DD km from #iquique tarapaca chile httpAddress,Other Useful Information
4180,let s all keep chile and our friends in our thoughts and prayers #chile #earthquake,Sympathy and support
4181,our thoughts are with httpAddress #prayforchile f,Sympathy and support
4182,pray for httpAddress #tsunami,Sympathy and support
4183,#prayforchile stay safe,Sympathy and support
4184,nasa chille si papa o i hope his alright #prayforchile,Sympathy and support
4185,to all the filipino we shall never forget the help of the other nation to our country it s time to us to help them httpAddress,Sympathy and support
4186,great httpAddress rt ericksonestorn #prayforchile i ll include this with my httpAddress,Sympathy and support
4187,#prayforchile,Sympathy and support
4188,let all #prayforchile,Sympathy and support
4189,#prayforchile god is with httpAddress,Sympathy and support
4190,hope all my family are safe amp ; thoughts to all the families that have been affected by the hurricane #prayforchile f,Sympathy and support
4191,may all beings be safe from httpAddress will always be httpAddress,Sympathy and support
4192,#prayforchile hoping the families and your friends were all going to move to a safer httpAddress,Sympathy and support
4193,#prayforchile,Sympathy and support
4194,#prayforchile,Sympathy and support
4195,sending prayers to httpAddress #chileearthquake,Sympathy and support
4196,#prayforchile,Sympathy and support
4197,laurynmcclain #fuerzachile #prayforchile this really hardens my httpAddress it really truly httpAddress httpAddress,Sympathy and support
4198,#prayforchile omg 8.2 httpAddress earthquake,Sympathy and support
4199,#prayforchile httpAddress,Sympathy and support
4200,sending my prayers to all those who were affected by the disastrous earthquake in httpAddress god will help you for httpAddress,Sympathy and support
4201,god bless the people of #chile f #fuerzachile #pray4chile httpAddress,Sympathy and support
4202,#prayforchile,Sympathy and support
4203,praying for the people in #chile stay safe as httpAddress,Sympathy and support
4204,just pointing out that prayer httpAddress is always portrayed as a fashionable #hashtag in a bad situation #doyouevenpraytho #prayforchile,Sympathy and support
4205,usrId there was a big earthquake and tsunami warning here in chile i beg you to please pray for us we are very worried #prayforchile DD,Sympathy and support
4206,praying for the chile quake disaster victims may god grant u ll fortitude to bear the huge loss as a result of the 8.2 magnitude httpAddress,Sympathy and support
4207,usrId no you re wrong httpAddress yesterday there was an earthquake in northern httpAddress thank god all things are httpAddress,Sympathy and support
4208,pray for chile n that 8.2 earthquake,Sympathy and support
4209,8.2 reading earth quake in northern #chile httpAddress amp ; praying everyone stay httpAddress #earthquake #tsunami #northernchile,Sympathy and support
4210,no worries y all ! the earthquake hit up in northern chile about DD km from httpAddress didn t feel a thing !,Sympathy and support
4211,pray for chile for the 8.2 magnitude earthquake httpAddress #terremotoenchile,Sympathy and support
4212,we have jsut heard the news of an 8.2 magnitude earthquake in httpAddress our thoughts and prayers go out to httpAddress httpAddress,Sympathy and support
4213,send good vibes to my fellow people of httpAddress they were hit with a 8.2 earthquake yesterday eve thankfully no httpAddress my family is okay !,Sympathy and support
4214,there was an 8.1 earthquake in chile while there was a 4.2 httpAddress more people freaked out httpAddress people seriously need to calm httpAddress,Sympathy and support
4215,thinking of my loved ones in ecuador amp ; colombia right httpAddress 8.2 earthquake hit chile amp ; the magnitude hit most of the west of south america,Sympathy and support
4216,8.2 earthquake rocks northern coast of chile celebs tweet thoughts and prayers the httpAddress httpAddress #geologicalsurvey,Sympathy and support
4217,my #thoughts amp ; #prayers are with the #friends amp ; #families of the #chileearthquake and the usrId #shooting httpAddress #somanytragedieslately,Sympathy and support
4218,so pathetic to hear a tsunami from httpAddress pray for chile,Sympathy and support
4219,thinking and praying D httpAddress a second earthquake httpAddress,Sympathy and support
4220,my thoughts and prayers go out to everyone in httpAddress #prayforchile #chileearthquake,Sympathy and support
4221,pray for republic of chile #earthquake,Sympathy and support
4222,prayers for survivors in #chile httpAddress,Sympathy and support
4223,usrId thank you for including our #travel #chile article in your daily ! cheers,Sympathy and support
4224,2nd earthquake in chile this week que dios bendiga a httpAddress ff,Sympathy and support
4225,our hearts go out to those affected by the quake in #chile . here is a pic of us in chile a couple months httpAddress httpAddress,Sympathy and support
4226,please calm down sea #prayforchile #chile #fuerzachile #selfie httpAddress httpAddress,Sympathy and support
4227,#rt if you ve a chilean friend please #fuerzanortedechile #prayforchile triste por mis compatriotas lamentable lo q esta pasando,Sympathy and support
4228,httpAddress,Sympathy and support
4229,hey usrId i am a chilean httpAddress can you send a message to all the chilean people please ? #prayforchile #earthquakechile,Sympathy and support
4230,all the aftershocks today keeping my country and people in my prayers DD #prayforchile httpAddress,Sympathy and support
4231,#prayforchile,Sympathy and support
4232,#prayforchile arriba chile !!,Sympathy and support
4233,stay strong httpAddress f #prayforchile,Sympathy and support
4234,#chile all are safe httpAddress,Sympathy and support
4235,#rt usrId usrId usrId i m scared but with all of you #help #chileearthquake #chileearthquakeandtsunami #iquique,Sympathy and support
4236,my prayer goes out to the victims on #chile #earthquake each day has enough trouble of its own hopefully it will be quickly httpAddress,Sympathy and support
4237,usrId did you know there was an earthquake in northern chile ? there you have many fan besides me D,Sympathy and support
4238,piero barone i m with you ! #praying #for #chile httpAddress,Sympathy and support
4239,re our friend vitoko safe with family in secure area after 8m earthquake in iquique glad you re httpAddress httpAddress #tar19,Sympathy and support
4240,omfg there was just an earthquake im done with chile,Sympathy and support
4241,#chile i love you but enough of #quake,Sympathy and support
4242,friends please continue to pray for a wonderful country #chile f,Sympathy and support
4243,prayers to those in chile who were effected from the earthquake,Sympathy and support
4244,at the same time let s not forget to also #prayforchile chile fights historic battle against mammoth wildfires httpAddress,Sympathy and support
4245,honestly tho with so many things going httpAddress #prayforsouthkorea #prayformh370 #prayforchile #prayforsyria gt ; gt ; gt ; gt ; #prayfortheworld,Sympathy and support
